-- phpMyAdmin SQL Dump
-- version 5.1.0
-- https://www.phpmyadmin.net/
--
-- 主機： localhost
-- 產生時間： 2021 年 07 月 22 日 05:49
-- 伺服器版本： 10.4.18-MariaDB
-- PHP 版本： 8.0.3

SET SQL_MODE = "NO_AUTO_VALUE_ON_ZERO";
START TRANSACTION;
SET time_zone = "+00:00";


/*!40101 SET @OLD_CHARACTER_SET_CLIENT=@@CHARACTER_SET_CLIENT */;
/*!40101 SET @OLD_CHARACTER_SET_RESULTS=@@CHARACTER_SET_RESULTS */;
/*!40101 SET @OLD_COLLATION_CONNECTION=@@COLLATION_CONNECTION */;
/*!40101 SET NAMES utf8mb4 */;

--
-- 資料庫： `campfun`
--

-- --------------------------------------------------------

--
-- 資料表結構 `carpay`
--

CREATE TABLE `carpay` (
  `cartPayId` int(11) NOT NULL COMMENT '金流代碼',
  `cartPayName` varchar(20) CHARACTER SET utf8mb4 COLLATE utf8mb4_unicode_ci NOT NULL COMMENT '金流名稱',
  `cartPayImg` varchar(100) NOT NULL COMMENT '金流圖片',
  `created_at` datetime NOT NULL DEFAULT current_timestamp() COMMENT '新增時間',
  `updated_at` datetime NOT NULL DEFAULT current_timestamp() ON UPDATE current_timestamp() COMMENT '更新時間'
) ENGINE=InnoDB DEFAULT CHARSET=utf8mb4;

--
-- 傾印資料表的資料 `carpay`
--

INSERT INTO `carpay` (`cartPayId`, `cartPayName`, `cartPayImg`, `created_at`, `updated_at`) VALUES
(1, '信用卡支付', '', '2021-05-10 10:14:03', '2021-07-09 11:35:08'),
(2, '貨到付款', '', '2021-05-10 10:14:42', '2021-07-19 14:45:34'),
(3, '現場結帳', '', '2021-05-10 10:15:09', '2021-07-19 14:32:48'),
(4, '貨到付款', '', '2021-05-10 10:15:26', '2021-05-10 10:15:26');

-- --------------------------------------------------------

--
-- 資料表結構 `cartitem`
--

CREATE TABLE `cartitem` (
  `cartId` int(11) NOT NULL COMMENT '流水號',
  `cartOrderId` varchar(50) CHARACTER SET utf8mb4 COLLATE utf8mb4_unicode_ci DEFAULT NULL COMMENT '訂單編號',
  `cart_id` varchar(10) CHARACTER SET utf8mb4 COLLATE utf8mb4_unicode_ci DEFAULT NULL COMMENT '商品分類編號',
  `product_id` varchar(50) CHARACTER SET utf8mb4 COLLATE utf8mb4_unicode_ci DEFAULT NULL COMMENT '商品編號',
  `cartName` varchar(50) CHARACTER SET utf8mb4 COLLATE utf8mb4_unicode_ci DEFAULT NULL COMMENT '商品名稱',
  `cartBuyQty` int(50) DEFAULT NULL COMMENT '購買數量',
  `cartBuyP` varchar(50) CHARACTER SET utf8mb4 COLLATE utf8mb4_unicode_ci DEFAULT NULL COMMENT '單價',
  `cartTotal` varchar(50) CHARACTER SET utf8mb4 COLLATE utf8mb4_unicode_ci DEFAULT NULL COMMENT '總計金額',
  `created_at` datetime NOT NULL DEFAULT current_timestamp() COMMENT '新增時間',
  `updated_at` datetime NOT NULL DEFAULT current_timestamp() ON UPDATE current_timestamp() COMMENT '更新時間',
  `product_oimg` varchar(255) CHARACTER SET utf8mb4 COLLATE utf8mb4_unicode_ci DEFAULT NULL COMMENT '商品圖'
) ENGINE=InnoDB DEFAULT CHARSET=utf8mb4;

--
-- 傾印資料表的資料 `cartitem`
--

INSERT INTO `cartitem` (`cartId`, `cartOrderId`, `cart_id`, `product_id`, `cartName`, `cartBuyQty`, `cartBuyP`, `cartTotal`, `created_at`, `updated_at`, `product_oimg`) VALUES
(1, '1625567594258', NULL, '1', 'Minute Dome Pro. air 1 (SSD-712)', 1, '3500', NULL, '2021-07-06 18:33:14', '2021-07-06 18:33:14', NULL),
(2, '1625567594258', NULL, '2', 'Landbreeze寢室帳 Pro.1 (SD-641)', 1, '2000', NULL, '2021-07-06 18:33:14', '2021-07-06 18:33:14', NULL),
(3, '1625567594258', NULL, '3', 'Landbreeze寢室帳 Pro.3 (SD-643)', 1, '3000', NULL, '2021-07-06 18:33:14', '2021-07-06 18:33:14', NULL),
(4, '1625567795104', NULL, '1', 'Minute Dome Pro. air 1 (SSD-712)', 1, '3500', NULL, '2021-07-06 18:36:35', '2021-07-06 18:36:35', NULL),
(5, '1625567807905', NULL, '1', 'Minute Dome Pro. air 1 (SSD-712)', 1, '3500', NULL, '2021-07-06 18:36:47', '2021-07-06 18:36:47', NULL),
(6, '1625567821612', NULL, '4', 'Landbreeze寢室帳 Pro.4 (SD-644)', 1, '5000', NULL, '2021-07-06 18:37:01', '2021-07-06 18:37:01', NULL),
(7, '1625567834880', NULL, '7', 'Amenity Dome 寢室帳 L (SDE-003RH)', 1, '5000', NULL, '2021-07-06 18:37:14', '2021-07-06 18:37:14', NULL),
(8, '1625577783055', NULL, '1', 'Minute Dome Pro. air 1 (SSD-712)', 1, '3500', NULL, '2021-07-06 21:23:03', '2021-07-06 21:23:03', NULL),
(9, '1625579010735', NULL, '1', 'Minute Dome Pro. air 1 (SSD-712)', 1, '3500', NULL, '2021-07-06 21:43:30', '2021-07-06 21:43:30', NULL),
(10, '1625582936028', NULL, '1', 'Minute Dome Pro. air 1 (SSD-712)', 1, '3500', NULL, '2021-07-06 22:48:56', '2021-07-06 22:48:56', NULL),
(11, '1625621819820', NULL, '1', 'Minute Dome Pro. air 1 (SSD-712)', 1, '3500', NULL, '2021-07-07 09:36:59', '2021-07-07 09:36:59', NULL),
(12, '1625626900000', NULL, '1', 'Minute Dome Pro. air 1 (SSD-712)', 1, '3500', NULL, '2021-07-07 11:01:40', '2021-07-07 11:01:40', NULL),
(13, '1625627421521', NULL, '1', 'Minute Dome Pro. air 1 (SSD-712)', 1, '3500', NULL, '2021-07-07 11:10:21', '2021-07-07 11:10:21', NULL),
(14, '1625628521857', NULL, '2', 'Landbreeze寢室帳 Pro.1 (SD-641)', 1, '2000', NULL, '2021-07-07 11:28:41', '2021-07-07 11:28:41', NULL),
(15, '1625628521857', NULL, '3', 'Landbreeze寢室帳 Pro.3 (SD-643)', 1, '3000', NULL, '2021-07-07 11:28:41', '2021-07-07 11:28:41', NULL),
(16, '1625629520733', NULL, '1', 'Minute Dome Pro. air 1 (SSD-712)', 1, '3500', NULL, '2021-07-07 11:45:20', '2021-07-07 11:45:20', NULL),
(17, '1625631646253', NULL, '1', 'Minute Dome Pro. air 1 (SSD-712)', 1, '3500', NULL, '2021-07-07 12:20:46', '2021-07-07 12:20:46', NULL),
(18, '1625642416058', NULL, '1', 'Minute Dome Pro. air 1 (SSD-712)', 1, '3500', NULL, '2021-07-07 15:20:16', '2021-07-07 15:20:16', NULL),
(19, '1625651597463', NULL, '1', 'Minute Dome Pro. air 1 (SSD-712)', 5, '3500', NULL, '2021-07-07 17:53:17', '2021-07-07 17:53:17', NULL),
(20, '1625661055815', NULL, '1', 'Minute Dome Pro. air 1 (SSD-712)', 1, '3500', NULL, '2021-07-07 20:30:55', '2021-07-07 20:30:55', NULL),
(21, '1625667240094', NULL, '1', 'Minute Dome Pro. air 1 (SSD-712)', 1, '3500', NULL, '2021-07-07 22:14:00', '2021-07-07 22:14:00', NULL),
(22, '1625742201108', NULL, '2', 'Landbreeze寢室帳 Pro.1 (SD-641)', 1, '2000', NULL, '2021-07-08 19:03:21', '2021-07-08 19:03:21', NULL),
(23, '1625742201108', NULL, '1', 'Minute Dome Pro. air 1 (SSD-712)', 1, '3500', NULL, '2021-07-08 19:03:21', '2021-07-08 19:03:21', NULL),
(24, '1625743153583', NULL, '1', 'Minute Dome Pro. air 1 (SSD-712)', 1, '3500', NULL, '2021-07-08 19:19:13', '2021-07-08 19:19:13', NULL),
(25, '1625743153583', NULL, '2', 'Landbreeze寢室帳 Pro.1 (SD-641)', 3, '2000', NULL, '2021-07-08 19:19:13', '2021-07-08 19:19:13', NULL),
(26, '1625747009517', NULL, '1', 'Minute Dome Pro. air 1 (SSD-712)', 1, '3500', NULL, '2021-07-08 20:23:29', '2021-07-08 20:23:29', NULL),
(27, '1625796246478', NULL, '1', 'Minute Dome Pro. air 1 (SSD-712)', 2, '3500', NULL, '2021-07-09 10:04:06', '2021-07-09 10:04:06', NULL),
(28, '1625796246478', NULL, '2', 'Landbreeze寢室帳 Pro.1 (SD-641)', 2, '2000', NULL, '2021-07-09 10:04:06', '2021-07-09 10:04:06', NULL),
(29, '1625796246478', NULL, '4', 'Landbreeze寢室帳 Pro.4 (SD-644)', 1, '5000', NULL, '2021-07-09 10:04:06', '2021-07-09 10:04:06', NULL),
(30, '1625802353607', NULL, '1', 'Minute Dome Pro. air 1 (SSD-712)', 1, '3500', NULL, '2021-07-09 11:45:53', '2021-07-09 11:45:53', NULL),
(31, '1625802353607', NULL, '2', 'Landbreeze寢室帳 Pro.1 (SD-641)', 1, '2000', NULL, '2021-07-09 11:45:53', '2021-07-09 11:45:53', NULL),
(32, '1625802577923', NULL, '2', 'Landbreeze寢室帳 Pro.1 (SD-641)', 1, '2000', NULL, '2021-07-09 11:49:37', '2021-07-09 11:49:37', NULL),
(33, '1625802577923', NULL, '1', 'Minute Dome Pro. air 1 (SSD-712)', 1, '3500', NULL, '2021-07-09 11:49:37', '2021-07-09 11:49:37', NULL),
(34, '1625828260609', NULL, '6', 'Amenity Dome 寢室帳 M (SDE-001RH)', 1, '3000', NULL, '2021-07-09 18:57:40', '2021-07-09 18:57:40', NULL),
(35, '1625828260609', NULL, '4', 'Landbreeze寢室帳 Pro.4 (SD-644)', 1, '5000', NULL, '2021-07-09 18:57:40', '2021-07-09 18:57:40', NULL),
(36, '1625828260609', NULL, '1', 'Minute Dome Pro. air 1 (SSD-712)', 1, '3500', NULL, '2021-07-09 18:57:40', '2021-07-09 18:57:40', NULL),
(37, '1625828260609', NULL, '2', 'Landbreeze寢室帳 Pro.1 (SD-641)', 1, '2000', NULL, '2021-07-09 18:57:40', '2021-07-09 18:57:40', NULL),
(38, '1625828260609', NULL, '3', 'Landbreeze寢室帳 Pro.3 (SD-643)', 1, '3000', NULL, '2021-07-09 18:57:40', '2021-07-09 18:57:40', NULL),
(39, '1625901727459', NULL, '2', 'Landbreeze寢室帳 Pro.1 (SD-641)', 1, '2000', NULL, '2021-07-10 15:22:07', '2021-07-10 15:22:07', NULL),
(40, '1625901727459', NULL, '3', 'Landbreeze寢室帳 Pro.3 (SD-643)', 1, '3000', NULL, '2021-07-10 15:22:07', '2021-07-10 15:22:07', NULL),
(41, '1625901727459', NULL, '4', 'Landbreeze寢室帳 Pro.4 (SD-644)', 1, '5000', NULL, '2021-07-10 15:22:07', '2021-07-10 15:22:07', NULL),
(42, '1625901727459', NULL, '6', 'Amenity Dome 寢室帳 M (SDE-001RH)', 1, '3000', NULL, '2021-07-10 15:22:07', '2021-07-10 15:22:07', NULL),
(43, '1625901905512', NULL, '1', 'Minute Dome Pro. air 1 (SSD-712)', 1, '3500', NULL, '2021-07-10 15:25:05', '2021-07-10 15:25:05', NULL),
(44, '1625901905512', NULL, '2', 'Landbreeze寢室帳 Pro.1 (SD-641)', 1, '2000', NULL, '2021-07-10 15:25:05', '2021-07-10 15:25:05', NULL),
(45, '1625904851658', NULL, '1', 'Minute Dome Pro. air 1 (SSD-712)', 1, '3500', NULL, '2021-07-10 16:14:11', '2021-07-10 16:14:11', NULL),
(46, '1625904887770', NULL, '1', 'Minute Dome Pro. air 1 (SSD-712)', 2, '3500', NULL, '2021-07-10 16:14:47', '2021-07-10 16:14:47', NULL),
(47, '1625904887770', NULL, '2', 'Landbreeze寢室帳 Pro.1 (SD-641)', 2, '2000', NULL, '2021-07-10 16:14:47', '2021-07-10 16:14:47', NULL),
(48, '1625904887770', NULL, '3', 'Landbreeze寢室帳 Pro.3 (SD-643)', 1, '3000', NULL, '2021-07-10 16:14:47', '2021-07-10 16:14:47', NULL),
(49, '1625997066460', NULL, '9', 'HD 六角蝶形天幕 Pro. 焚火內掛頂布 (TP-250IR)', 1, '1500', NULL, '2021-07-11 17:51:06', '2021-07-11 17:51:06', NULL),
(50, '1625997066460', NULL, '3', 'Landbreeze寢室帳 Pro.3 (SD-643)', 2, '3000', NULL, '2021-07-11 17:51:06', '2021-07-11 17:51:06', NULL),
(51, '1625997066460', NULL, '10', '焚火方形天幕帳 (TP-430)', 1, '1500', NULL, '2021-07-11 17:51:06', '2021-07-11 17:51:06', NULL),
(52, '1625997066460', NULL, '1', 'Minute Dome Pro. air 1 (SSD-712)', 2, '3500', NULL, '2021-07-11 17:51:06', '2021-07-11 17:51:06', NULL),
(53, '1626002064304', NULL, '1', 'Minute Dome Pro. air 1 (SSD-712)', 1, '3500', NULL, '2021-07-11 19:14:24', '2021-07-11 19:14:24', NULL),
(54, '1626002064304', NULL, '2', 'Landbreeze寢室帳 Pro.1 (SD-641)', 1, '2000', NULL, '2021-07-11 19:14:24', '2021-07-11 19:14:24', NULL),
(55, '1626007859043', NULL, '1', 'Minute Dome Pro. air 1 (SSD-712)', 1, '3500', NULL, '2021-07-11 20:50:59', '2021-07-11 20:50:59', NULL),
(56, '1626007859043', NULL, '2', 'Landbreeze寢室帳 Pro.1 (SD-641)', 1, '2000', NULL, '2021-07-11 20:50:59', '2021-07-11 20:50:59', NULL),
(57, '1626010539374', NULL, '1', 'Minute Dome Pro. air 1 (SSD-712)', 1, '3500', NULL, '2021-07-11 21:35:39', '2021-07-11 21:35:39', NULL),
(58, '1626010539374', NULL, '3', 'Landbreeze寢室帳 Pro.3 (SD-643)', 1, '3000', NULL, '2021-07-11 21:35:39', '2021-07-11 21:35:39', NULL),
(59, '1626013213733', NULL, '1', 'Minute Dome Pro. air 1 (SSD-712)', 4, '3500', NULL, '2021-07-11 22:20:13', '2021-07-11 22:20:13', NULL),
(60, '1626058933035', NULL, '1', 'Minute Dome Pro. air 1 (SSD-712)', 1, '3500', NULL, '2021-07-12 11:02:13', '2021-07-12 11:02:13', NULL),
(61, '1626058933035', NULL, '2', 'Landbreeze寢室帳 Pro.1 (SD-641)', 1, '2000', NULL, '2021-07-12 11:02:13', '2021-07-12 11:02:13', NULL),
(62, '1626068337061', NULL, '1', 'Minute Dome Pro. air 1 (SSD-712)', 2, '3500', NULL, '2021-07-12 13:38:57', '2021-07-12 13:38:57', NULL),
(63, '1626071233035', NULL, '1', 'Minute Dome Pro. air 1 (SSD-712)', 1, '3500', NULL, '2021-07-12 14:27:13', '2021-07-12 14:27:13', NULL),
(64, '1626085163695', NULL, '2', 'Landbreeze寢室帳 Pro.1 (SD-641)', 1, '2000', NULL, '2021-07-12 18:19:23', '2021-07-12 18:19:23', NULL),
(65, '1626085163695', NULL, '3', 'Landbreeze寢室帳 Pro.3 (SD-643)', 1, '3000', NULL, '2021-07-12 18:19:23', '2021-07-12 18:19:23', NULL),
(66, '1626085305716', NULL, '4', 'Landbreeze寢室帳 Pro.4 (SD-644)', 1, '5000', NULL, '2021-07-12 18:21:45', '2021-07-12 18:21:45', NULL),
(67, '1626085305716', NULL, '5', 'Amenity Dome 寢室帳 S (SDE-002RH)', 1, '2500', NULL, '2021-07-12 18:21:45', '2021-07-12 18:21:45', NULL),
(68, '1626085337554', NULL, '1', 'Minute Dome Pro. air 1 (SSD-712)', 1, '3500', NULL, '2021-07-12 18:22:17', '2021-07-12 18:22:17', NULL),
(69, '1626085337554', NULL, '2', 'Landbreeze寢室帳 Pro.1 (SD-641)', 1, '2000', NULL, '2021-07-12 18:22:17', '2021-07-12 18:22:17', NULL),
(70, '1626085661779', NULL, '1', 'Minute Dome Pro. air 1 (SSD-712)', 1, '3500', NULL, '2021-07-12 18:27:41', '2021-07-12 18:27:41', NULL),
(71, '1626085661779', NULL, '2', 'Landbreeze寢室帳 Pro.1 (SD-641)', 1, '2000', NULL, '2021-07-12 18:27:41', '2021-07-12 18:27:41', NULL),
(72, '1626085722139', NULL, '1', 'Minute Dome Pro. air 1 (SSD-712)', 1, '3500', NULL, '2021-07-12 18:28:42', '2021-07-12 18:28:42', NULL),
(73, '1626085722139', NULL, '2', 'Landbreeze寢室帳 Pro.1 (SD-641)', 1, '2000', NULL, '2021-07-12 18:28:42', '2021-07-12 18:28:42', NULL),
(74, '1626085767015', NULL, '1', 'Minute Dome Pro. air 1 (SSD-712)', 1, '3500', NULL, '2021-07-12 18:29:27', '2021-07-12 18:29:27', NULL),
(75, '1626085767015', NULL, '2', 'Landbreeze寢室帳 Pro.1 (SD-641)', 1, '2000', NULL, '2021-07-12 18:29:27', '2021-07-12 18:29:27', NULL),
(76, '1626086049836', NULL, '1', 'Minute Dome Pro. air 1 (SSD-712)', 1, '3500', NULL, '2021-07-12 18:34:09', '2021-07-12 18:34:09', NULL),
(77, '1626086049836', NULL, '2', 'Landbreeze寢室帳 Pro.1 (SD-641)', 1, '2000', NULL, '2021-07-12 18:34:09', '2021-07-12 18:34:09', NULL),
(78, '1626086148952', NULL, '1', 'Minute Dome Pro. air 1 (SSD-712)', 1, '3500', NULL, '2021-07-12 18:35:48', '2021-07-12 18:35:48', NULL),
(79, '1626086148952', NULL, '2', 'Landbreeze寢室帳 Pro.1 (SD-641)', 1, '2000', NULL, '2021-07-12 18:35:48', '2021-07-12 18:35:48', NULL),
(80, '1626086251398', NULL, '1', 'Minute Dome Pro. air 1 (SSD-712)', 1, '3500', NULL, '2021-07-12 18:37:31', '2021-07-12 18:37:31', NULL),
(81, '1626086251398', NULL, '2', 'Landbreeze寢室帳 Pro.1 (SD-641)', 1, '2000', NULL, '2021-07-12 18:37:31', '2021-07-12 18:37:31', NULL),
(82, '1626093965338', NULL, '1', 'Minute Dome Pro. air 1 (SSD-712)', 1, '3500', NULL, '2021-07-12 20:46:05', '2021-07-12 20:46:05', NULL),
(83, '1626094088751', NULL, '1', 'Minute Dome Pro. air 1 (SSD-712)', 1, '3500', NULL, '2021-07-12 20:48:08', '2021-07-12 20:48:08', NULL),
(84, '1626103741754', NULL, '1', 'Minute Dome Pro. air 1 (SSD-712)', 1, '3500', NULL, '2021-07-12 23:29:01', '2021-07-12 23:29:01', NULL),
(85, '1626183023694', NULL, '2', 'Landbreeze寢室帳 Pro.1 (SD-641)', 1, '2000', NULL, '2021-07-13 21:30:23', '2021-07-13 21:30:23', NULL),
(86, '210713114523', NULL, NULL, NULL, NULL, NULL, NULL, '2021-07-13 23:45:23', '2021-07-13 23:45:23', NULL),
(87, '1626191321249', NULL, '1', 'Minute Dome Pro. air 1 (SSD-712)', 1, '3500', NULL, '2021-07-13 23:48:41', '2021-07-13 23:48:41', NULL),
(88, '1626191321249', NULL, '1', 'Minute Dome Pro. air 1 (SSD-712)', 1, '3500', NULL, '2021-07-13 23:48:41', '2021-07-13 23:48:41', NULL),
(89, '1626191321249', NULL, '2', 'Landbreeze寢室帳 Pro.1 (SD-641)', 1, '2000', NULL, '2021-07-13 23:48:41', '2021-07-13 23:48:41', NULL),
(90, '1626192035919', NULL, '1', 'Minute Dome Pro. air 1 (SSD-712)', 1, '3500', NULL, '2021-07-14 00:00:35', '2021-07-14 00:00:35', NULL),
(91, '1626192035919', NULL, '2', 'Landbreeze寢室帳 Pro.1 (SD-641)', 1, '2000', NULL, '2021-07-14 00:00:35', '2021-07-14 00:00:35', NULL),
(92, '1626250628841', NULL, '1', 'Minute Dome Pro. air 1 (SSD-712)', 1, '3500', NULL, '2021-07-14 16:17:08', '2021-07-14 16:17:08', NULL),
(93, '1626250628841', NULL, '2', 'Landbreeze寢室帳 Pro.1 (SD-641)', 1, '2000', NULL, '2021-07-14 16:17:08', '2021-07-14 16:17:08', NULL),
(94, '1626251334371', NULL, '1', 'Minute Dome Pro. air 1 (SSD-712)', 1, '3500', NULL, '2021-07-14 16:28:54', '2021-07-14 16:28:54', NULL),
(95, '1626251334371', NULL, '2', 'Landbreeze寢室帳 Pro.1 (SD-641)', 1, '2000', NULL, '2021-07-14 16:28:54', '2021-07-14 16:28:54', NULL),
(96, '1626253046909', NULL, '3', 'Landbreeze寢室帳 Pro.3 (SD-643)', 1, '3000', NULL, '2021-07-14 16:57:26', '2021-07-14 16:57:26', NULL),
(97, '1626253046909', NULL, '4', 'Landbreeze寢室帳 Pro.4 (SD-644)', 1, '5000', NULL, '2021-07-14 16:57:26', '2021-07-14 16:57:26', NULL),
(98, '1626253459149', NULL, '1', 'Minute Dome Pro. air 1 (SSD-712)', 1, '3500', NULL, '2021-07-14 17:04:19', '2021-07-14 17:04:19', NULL),
(99, '1626253459149', NULL, '2', 'Landbreeze寢室帳 Pro.1 (SD-641)', 1, '2000', NULL, '2021-07-14 17:04:19', '2021-07-14 17:04:19', NULL),
(100, '1626253613043', NULL, '1', 'Minute Dome Pro. air 1 (SSD-712)', 1, '3500', NULL, '2021-07-14 17:06:53', '2021-07-14 17:06:53', NULL),
(101, '1626253613043', NULL, '2', 'Landbreeze寢室帳 Pro.1 (SD-641)', 1, '2000', NULL, '2021-07-14 17:06:53', '2021-07-14 17:06:53', NULL),
(102, '1626257193247', NULL, '11', 'HD 六角蝶形天幕 Pro. (TP-250R)', 1, '2000', NULL, '2021-07-14 18:06:33', '2021-07-14 18:06:33', NULL),
(103, '1626257193247', NULL, '11', 'HD 六角蝶形天幕 Pro. (TP-250R)', 1, '2000', NULL, '2021-07-14 18:06:33', '2021-07-14 18:06:33', NULL),
(104, '1626257193247', NULL, '11', 'HD 六角蝶形天幕 Pro. (TP-250R)', 1, '2000', NULL, '2021-07-14 18:06:33', '2021-07-14 18:06:33', NULL),
(105, '1626257193247', NULL, '13', '紗網客廳帳 (TP-925)', 1, '2000', NULL, '2021-07-14 18:06:33', '2021-07-14 18:06:33', NULL),
(106, '1626257193247', NULL, '13', '紗網客廳帳 (TP-925)', 1, '2000', NULL, '2021-07-14 18:06:33', '2021-07-14 18:06:33', NULL),
(107, '1626257193247', NULL, '14', '大地帳 Pro.L (TP-450)', 1, '4790', NULL, '2021-07-14 18:06:33', '2021-07-14 18:06:33', NULL),
(108, '1626259951988', NULL, '38', '烤爐桶炭盆', 1, '100', NULL, '2021-07-14 18:52:32', '2021-07-14 18:52:32', NULL),
(109, '1626259951988', NULL, '37', '1/2深煎盤(模組)', 1, '100', NULL, '2021-07-14 18:52:32', '2021-07-14 18:52:32', NULL),
(110, '1626259951988', NULL, '56', '290氣化大雙燈 ', 1, '100', NULL, '2021-07-14 18:52:32', '2021-07-14 18:52:32', 'https://i3.mkgo.net/images/products/20210712200410.jpg'),
(111, '1626259951988', NULL, '55', '氣化燈', 1, '100', NULL, '2021-07-14 18:52:32', '2021-07-14 18:52:32', ''),
(112, '1626260190091', NULL, '5', 'Amenity Dome 寢室帳 S (SDE-002RH)', 1, '2500', NULL, '2021-07-14 18:56:30', '2021-07-14 18:56:30', 'https://i3.mkgo.net/images/products/20210513033657.jpg'),
(113, '1626260190091', NULL, '6', 'Amenity Dome 寢室帳 M (SDE-001RH)', 1, '3000', NULL, '2021-07-14 18:56:30', '2021-07-14 18:56:30', 'https://i3.mkgo.net/images/products/20210513033740.jpg'),
(114, '1626260190091', NULL, '7', 'Amenity Dome 寢室帳 L (SDE-003RH)', 1, '5000', NULL, '2021-07-14 18:56:30', '2021-07-14 18:56:30', 'https://i3.mkgo.net/images/products/20210513033740.jpg'),
(115, '1626261264797', NULL, '4', 'Landbreeze寢室帳 Pro.4 (SD-644)', 1, '5000', NULL, '2021-07-14 19:14:24', '2021-07-14 19:14:24', 'https://i3.mkgo.net/images/products/20210513033555.jpg'),
(116, '1626261264797', NULL, '5', 'Amenity Dome 寢室帳 S (SDE-002RH)', 1, '2500', NULL, '2021-07-14 19:14:24', '2021-07-14 19:14:24', 'https://i3.mkgo.net/images/products/20210513033657.jpg'),
(117, '1626261264797', NULL, '6', 'Amenity Dome 寢室帳 M (SDE-001RH)', 1, '3000', NULL, '2021-07-14 19:14:24', '2021-07-14 19:14:24', 'https://i3.mkgo.net/images/products/20210513033740.jpg'),
(118, '1626269222220', NULL, '4', 'Landbreeze寢室帳 Pro.4 (SD-644)', 1, '5000', NULL, '2021-07-14 21:27:02', '2021-07-14 21:27:02', 'https://i3.mkgo.net/images/products/20210513033555.jpg'),
(119, '1626269222220', NULL, '5', 'Amenity Dome 寢室帳 S (SDE-002RH)', 1, '2500', NULL, '2021-07-14 21:27:02', '2021-07-14 21:27:02', 'https://i3.mkgo.net/images/products/20210513033657.jpg'),
(120, '1626269260118', NULL, '4', 'Landbreeze寢室帳 Pro.4 (SD-644)', 1, '5000', NULL, '2021-07-14 21:27:40', '2021-07-14 21:27:40', 'https://i3.mkgo.net/images/products/20210513033555.jpg'),
(121, '1626269260118', NULL, '5', 'Amenity Dome 寢室帳 S (SDE-002RH)', 1, '2500', NULL, '2021-07-14 21:27:40', '2021-07-14 21:27:40', 'https://i3.mkgo.net/images/products/20210513033657.jpg'),
(122, '1626269464866', NULL, '1', 'Minute Dome Pro. air 1 (SSD-712)', 1, '10', NULL, '2021-07-14 21:31:04', '2021-07-14 21:31:04', 'https://i3.mkgo.net/images/products/20210712102540.jpg'),
(123, '1626269464866', NULL, '2', 'Landbreeze寢室帳 Pro.1 (SD-641)', 3, '2000', NULL, '2021-07-14 21:31:04', '2021-07-14 21:31:04', 'https://i3.mkgo.net/images/products/20210513033354.jpg'),
(124, '1626269600332', NULL, '5', 'Amenity Dome 寢室帳 S (SDE-002RH)', 1, '2500', NULL, '2021-07-14 21:33:20', '2021-07-14 21:33:20', 'https://i3.mkgo.net/images/products/20210513033657.jpg'),
(125, '1626269600332', NULL, '6', 'Amenity Dome 寢室帳 M (SDE-001RH)', 1, '3000', NULL, '2021-07-14 21:33:20', '2021-07-14 21:33:20', 'https://i3.mkgo.net/images/products/20210513033740.jpg'),
(126, '1626270587265', NULL, '10', '焚火方形天幕帳 (TP-430)', 1, '1500', NULL, '2021-07-14 21:49:47', '2021-07-14 21:49:47', 'https://i3.mkgo.net/images/products/20210513034046.jpg'),
(127, '1626270587265', NULL, '49', '不鏽鋼露營咖啡壺', 3, '50', NULL, '2021-07-14 21:49:47', '2021-07-14 21:49:47', 'https://i3.mkgo.net/images/products/20210714125289.jpg'),
(128, '1626270587265', NULL, '44', '日本鑄鐵鍋26', 4, '100', NULL, '2021-07-14 21:49:47', '2021-07-14 21:49:47', 'https://i3.mkgo.net/images/products/20210714125187.jpg'),
(129, '1626270587265', NULL, '26', 'My Table 不鏽鋼折桌', 1, '200', NULL, '2021-07-14 21:49:47', '2021-07-14 21:49:47', 'https://i3.mkgo.net/images/products/20210714124273.jpg'),
(130, '1626270587265', NULL, '52', '焚火台 SR', 1, '100', NULL, '2021-07-14 21:49:47', '2021-07-14 21:49:47', 'https://i3.mkgo.net/images/products/20210714125065.jpg'),
(131, '1626270587265', NULL, '12', '方形天幕 M (TP-841)', 2, '1200', NULL, '2021-07-14 21:49:47', '2021-07-14 21:49:47', 'https://i3.mkgo.net/images/products/20210513034140.jpg'),
(132, '1626271248472', NULL, '5', 'Amenity Dome 寢室帳 S (SDE-002RH)', 1, '2500', NULL, '2021-07-14 22:00:48', '2021-07-14 22:00:48', 'https://i3.mkgo.net/images/products/20210513033657.jpg'),
(133, '1626341258947', NULL, '5', 'Amenity Dome 寢室帳 S (SDE-002RH)', 1, '2500', NULL, '2021-07-15 17:27:38', '2021-07-15 17:27:38', 'https://i3.mkgo.net/images/products/20210513033657.jpg'),
(134, '1626341258947', NULL, '6', 'Amenity Dome 寢室帳 M (SDE-001RH)', 3, '3000', NULL, '2021-07-15 17:27:38', '2021-07-15 17:27:38', 'https://i3.mkgo.net/images/products/20210513033740.jpg'),
(135, '1626341258947', NULL, '1', 'Minute Dome Pro. air 1 (SSD-712)', 1, '10', NULL, '2021-07-15 17:27:38', '2021-07-15 17:27:38', 'https://i3.mkgo.net/images/products/20210712102540.jpg'),
(136, '1626341456570', NULL, '13', '紗網客廳帳 (TP-925)', 3, '2000', NULL, '2021-07-15 17:30:56', '2021-07-15 17:30:56', 'https://i3.mkgo.net/images/products/20210513034251.jpg'),
(137, '1626341456570', NULL, '14', '大地帳 Pro.L (TP-450)', 1, '4790', NULL, '2021-07-15 17:30:56', '2021-07-15 17:30:56', 'https://i3.mkgo.net/images/products/20210513034558.jpg'),
(138, '1626341456570', NULL, '1', 'Minute Dome Pro. air 1 (SSD-712)', 1, '10', NULL, '2021-07-15 17:30:56', '2021-07-15 17:30:56', 'https://i3.mkgo.net/images/products/20210712102540.jpg'),
(139, '1626341915552', NULL, '12', '方形天幕 M (TP-841)', 1, '1200', NULL, '2021-07-15 17:38:35', '2021-07-15 17:38:35', 'https://i3.mkgo.net/images/products/20210513034140.jpg'),
(140, '1626341915552', NULL, '13', '紗網客廳帳 (TP-925)', 1, '2000', NULL, '2021-07-15 17:38:35', '2021-07-15 17:38:35', 'https://i3.mkgo.net/images/products/20210513034251.jpg'),
(141, '1626341915552', NULL, '14', '大地帳 Pro.L (TP-450)', 1, '4790', NULL, '2021-07-15 17:38:35', '2021-07-15 17:38:35', 'https://i3.mkgo.net/images/products/20210513034558.jpg'),
(142, '1626342308096', NULL, '14', '大地帳 Pro.L (TP-450)', 3, '4790', NULL, '2021-07-15 17:45:08', '2021-07-15 17:45:08', 'https://i3.mkgo.net/images/products/20210513034558.jpg'),
(143, '1626342308096', NULL, '1', 'Minute Dome Pro. air 1 (SSD-712)', 1, '10', NULL, '2021-07-15 17:45:08', '2021-07-15 17:45:08', 'https://i3.mkgo.net/images/products/20210712102540.jpg'),
(144, '1626342764391', NULL, '13', '紗網客廳帳 (TP-925)', 1, '2000', NULL, '2021-07-15 17:52:44', '2021-07-15 17:52:44', 'https://i3.mkgo.net/images/products/20210513034251.jpg'),
(145, '1626342764391', NULL, '14', '大地帳 Pro.L (TP-450)', 1, '4790', NULL, '2021-07-15 17:52:44', '2021-07-15 17:52:44', 'https://i3.mkgo.net/images/products/20210513034558.jpg'),
(146, '1626342892293', NULL, '14', '大地帳 Pro.L (TP-450)', 2, '4790', NULL, '2021-07-15 17:54:52', '2021-07-15 17:54:52', 'https://i3.mkgo.net/images/products/20210513034558.jpg'),
(147, '1626342892293', NULL, '1', 'Minute Dome Pro. air 1 (SSD-712)', 1, '10', NULL, '2021-07-15 17:54:52', '2021-07-15 17:54:52', 'https://i3.mkgo.net/images/products/20210712102540.jpg'),
(148, '1626343042173', NULL, '13', '紗網客廳帳 (TP-925)', 1, '2000', NULL, '2021-07-15 17:57:22', '2021-07-15 17:57:22', 'https://i3.mkgo.net/images/products/20210513034251.jpg'),
(149, '1626343042173', NULL, '14', '大地帳 Pro.L (TP-450)', 2, '4790', NULL, '2021-07-15 17:57:22', '2021-07-15 17:57:22', 'https://i3.mkgo.net/images/products/20210513034558.jpg'),
(150, '1626343042173', NULL, '1', 'Minute Dome Pro. air 1 (SSD-712)', 1, '10', NULL, '2021-07-15 17:57:22', '2021-07-15 17:57:22', 'https://i3.mkgo.net/images/products/20210712102540.jpg'),
(151, '1626344306576', NULL, '12', '方形天幕 M (TP-841)', 2, '1200', NULL, '2021-07-15 18:18:26', '2021-07-15 18:18:26', 'https://i3.mkgo.net/images/products/20210513034140.jpg'),
(152, '1626344306576', NULL, '13', '紗網客廳帳 (TP-925)', 2, '2000', NULL, '2021-07-15 18:18:26', '2021-07-15 18:18:26', 'https://i3.mkgo.net/images/products/20210513034251.jpg'),
(153, '1626344306576', NULL, '14', '大地帳 Pro.L (TP-450)', 2, '4790', NULL, '2021-07-15 18:18:26', '2021-07-15 18:18:26', 'https://i3.mkgo.net/images/products/20210513034558.jpg'),
(154, '1626344523933', NULL, '12', '方形天幕 M (TP-841)', 1, '1200', NULL, '2021-07-15 18:22:03', '2021-07-15 18:22:03', 'https://i3.mkgo.net/images/products/20210513034140.jpg'),
(155, '1626344523933', NULL, '13', '紗網客廳帳 (TP-925)', 1, '2000', NULL, '2021-07-15 18:22:03', '2021-07-15 18:22:03', 'https://i3.mkgo.net/images/products/20210513034251.jpg'),
(156, '1626344523933', NULL, '14', '大地帳 Pro.L (TP-450)', 1, '4790', NULL, '2021-07-15 18:22:03', '2021-07-15 18:22:03', 'https://i3.mkgo.net/images/products/20210513034558.jpg'),
(157, '1626344625196', NULL, '12', '方形天幕 M (TP-841)', 2, '1200', NULL, '2021-07-15 18:23:45', '2021-07-15 18:23:45', 'https://i3.mkgo.net/images/products/20210513034140.jpg'),
(158, '1626344625196', NULL, '13', '紗網客廳帳 (TP-925)', 2, '2000', NULL, '2021-07-15 18:23:45', '2021-07-15 18:23:45', 'https://i3.mkgo.net/images/products/20210513034251.jpg'),
(159, '1626344625196', NULL, '14', '大地帳 Pro.L (TP-450)', 2, '4790', NULL, '2021-07-15 18:23:45', '2021-07-15 18:23:45', 'https://i3.mkgo.net/images/products/20210513034558.jpg'),
(160, '1626357743242', NULL, '13', '紗網客廳帳 (TP-925)', 1, '2000', NULL, '2021-07-15 22:02:23', '2021-07-15 22:02:23', 'https://i3.mkgo.net/images/products/20210513034251.jpg'),
(161, '1626357743242', NULL, '14', '大地帳 Pro.L (TP-450)', 1, '4790', NULL, '2021-07-15 22:02:23', '2021-07-15 22:02:23', 'https://i3.mkgo.net/images/products/20210513034558.jpg'),
(162, '1626357743242', NULL, '1', 'Minute Dome Pro. air 1 (SSD-712)', 1, '10', NULL, '2021-07-15 22:02:23', '2021-07-15 22:02:23', 'https://i3.mkgo.net/images/products/20210712102540.jpg'),
(163, '1626362128572', NULL, '14', '大地帳 Pro.L (TP-450)', 1, '4790', NULL, '2021-07-15 23:15:28', '2021-07-15 23:15:28', 'https://i3.mkgo.net/images/products/20210513034558.jpg'),
(164, '1626362128572', NULL, '1', 'Minute Dome Pro. air 1 (SSD-712)', 1, '10', NULL, '2021-07-15 23:15:28', '2021-07-15 23:15:28', 'https://i3.mkgo.net/images/products/20210712102540.jpg'),
(165, '1626362219433', NULL, '13', '紗網客廳帳 (TP-925)', 1, '2000', NULL, '2021-07-15 23:16:59', '2021-07-15 23:16:59', 'https://i3.mkgo.net/images/products/20210513034251.jpg'),
(166, '1626362219433', NULL, '14', '大地帳 Pro.L (TP-450)', 1, '4790', NULL, '2021-07-15 23:16:59', '2021-07-15 23:16:59', 'https://i3.mkgo.net/images/products/20210513034558.jpg'),
(167, '1626362219433', NULL, '1', 'Minute Dome Pro. air 1 (SSD-712)', 1, '10', NULL, '2021-07-15 23:16:59', '2021-07-15 23:16:59', 'https://i3.mkgo.net/images/products/20210712102540.jpg'),
(168, '1626362499208', NULL, '13', '紗網客廳帳 (TP-925)', 2, '2000', NULL, '2021-07-15 23:21:39', '2021-07-15 23:21:39', 'https://i3.mkgo.net/images/products/20210513034251.jpg'),
(169, '1626362499208', NULL, '14', '大地帳 Pro.L (TP-450)', 2, '4790', NULL, '2021-07-15 23:21:39', '2021-07-15 23:21:39', 'https://i3.mkgo.net/images/products/20210513034558.jpg'),
(170, '1626362499208', NULL, '1', 'Minute Dome Pro. air 1 (SSD-712)', 2, '10', NULL, '2021-07-15 23:21:39', '2021-07-15 23:21:39', 'https://i3.mkgo.net/images/products/20210712102540.jpg'),
(171, '1626362633791', NULL, '2', 'Landbreeze寢室帳 Pro.1 (SD-641)', 1, '2000', NULL, '2021-07-15 23:23:53', '2021-07-15 23:23:53', 'https://i3.mkgo.net/images/products/20210513033354.jpg'),
(172, '1626362633791', NULL, '4', 'Landbreeze寢室帳 Pro.4 (SD-644)', 1, '5000', NULL, '2021-07-15 23:23:53', '2021-07-15 23:23:53', 'https://i3.mkgo.net/images/products/20210513033555.jpg'),
(173, '1626362633791', NULL, '5', 'Amenity Dome 寢室帳 S (SDE-002RH)', 1, '2500', NULL, '2021-07-15 23:23:53', '2021-07-15 23:23:53', 'https://i3.mkgo.net/images/products/20210513033657.jpg'),
(174, '1626364949229', NULL, '2', 'Landbreeze寢室帳 Pro.1 (SD-641)', 1, '2000', NULL, '2021-07-16 00:02:29', '2021-07-16 00:02:29', 'https://i3.mkgo.net/images/products/20210513033354.jpg'),
(175, '1626364949229', NULL, '4', 'Landbreeze寢室帳 Pro.4 (SD-644)', 1, '5000', NULL, '2021-07-16 00:02:29', '2021-07-16 00:02:29', 'https://i3.mkgo.net/images/products/20210513033555.jpg'),
(176, '1626364949229', NULL, '5', 'Amenity Dome 寢室帳 S (SDE-002RH)', 1, '2500', NULL, '2021-07-16 00:02:29', '2021-07-16 00:02:29', 'https://i3.mkgo.net/images/products/20210513033657.jpg'),
(177, '1626365010287', NULL, '13', '紗網客廳帳 (TP-925)', 1, '2000', NULL, '2021-07-16 00:03:30', '2021-07-16 00:03:30', 'https://i3.mkgo.net/images/products/20210513034251.jpg'),
(178, '1626365010287', NULL, '14', '大地帳 Pro.L (TP-450)', 1, '4790', NULL, '2021-07-16 00:03:30', '2021-07-16 00:03:30', 'https://i3.mkgo.net/images/products/20210513034558.jpg'),
(179, '1626365138417', NULL, '13', '紗網客廳帳 (TP-925)', 1, '2000', NULL, '2021-07-16 00:05:38', '2021-07-16 00:05:38', 'https://i3.mkgo.net/images/products/20210513034251.jpg'),
(180, '1626365138417', NULL, '14', '大地帳 Pro.L (TP-450)', 1, '4790', NULL, '2021-07-16 00:05:38', '2021-07-16 00:05:38', 'https://i3.mkgo.net/images/products/20210513034558.jpg'),
(181, '1626407715541', NULL, '12', '方形天幕 M (TP-841)', 2, '1200', NULL, '2021-07-16 11:55:15', '2021-07-16 11:55:15', 'https://i3.mkgo.net/images/products/20210513034140.jpg'),
(182, '1626407715541', NULL, '13', '紗網客廳帳 (TP-925)', 1, '2000', NULL, '2021-07-16 11:55:15', '2021-07-16 11:55:15', 'https://i3.mkgo.net/images/products/20210513034251.jpg'),
(183, '1626407715541', NULL, '12', '方形天幕 M (TP-841)', 1, '1200', NULL, '2021-07-16 11:55:15', '2021-07-16 11:55:15', 'https://i3.mkgo.net/images/products/20210513034140.jpg'),
(184, '1626407715541', NULL, '13', '紗網客廳帳 (TP-925)', 1, '2000', NULL, '2021-07-16 11:55:15', '2021-07-16 11:55:15', 'https://i3.mkgo.net/images/products/20210513034251.jpg'),
(185, '1626425607750', NULL, '13', '紗網客廳帳 (TP-925)', 1, '2000', NULL, '2021-07-16 16:53:27', '2021-07-16 16:53:27', 'https://i3.mkgo.net/images/products/20210513034251.jpg'),
(186, '1626425607750', NULL, '14', '大地帳 Pro.L (TP-450)', 1, '4790', NULL, '2021-07-16 16:53:27', '2021-07-16 16:53:27', 'https://i3.mkgo.net/images/products/20210513034558.jpg'),
(187, '1626495998703', NULL, '13', '紗網客廳帳 (TP-925)', 2, '2000', NULL, '2021-07-17 12:26:38', '2021-07-17 12:26:38', 'https://i3.mkgo.net/images/products/20210513034251.jpg'),
(188, '1626495998703', NULL, '14', '大地帳 Pro.L (TP-450)', 2, '4790', NULL, '2021-07-17 12:26:38', '2021-07-17 12:26:38', 'https://i3.mkgo.net/images/products/20210513034558.jpg'),
(189, '1626512557305', NULL, '53', '派對盤組', 1, '50', NULL, '2021-07-17 17:02:37', '2021-07-17 17:02:37', 'https://i3.mkgo.net/images/products/20210714125361.jpg'),
(190, '1626512557305', NULL, '51', '不鏽鋼餐盤組-4人四件組', 1, '50', NULL, '2021-07-17 17:02:37', '2021-07-17 17:02:37', 'https://i3.mkgo.net/images/products/20210714125309.jpg'),
(191, '1626512605993', NULL, '13', '紗網客廳帳 (TP-925)', 1, '2000', NULL, '2021-07-17 17:03:26', '2021-07-17 17:03:26', 'https://i3.mkgo.net/images/products/20210513034251.jpg'),
(192, '1626512605993', NULL, '14', '大地帳 Pro.L (TP-450)', 1, '4790', NULL, '2021-07-17 17:03:26', '2021-07-17 17:03:26', 'https://i3.mkgo.net/images/products/20210513034558.jpg'),
(193, '1626512605993', NULL, '1', 'Minute Dome Pro. air 1 (SSD-712)', 1, '10', NULL, '2021-07-17 17:03:26', '2021-07-17 17:03:26', 'https://i3.mkgo.net/images/products/20210712102540.jpg'),
(194, '1626514162317', NULL, '13', '紗網客廳帳 (TP-925)', 1, '2000', NULL, '2021-07-17 17:29:22', '2021-07-17 17:29:22', 'https://i3.mkgo.net/images/products/20210513034251.jpg'),
(195, '1626514162317', NULL, '14', '大地帳 Pro.L (TP-450)', 1, '4790', NULL, '2021-07-17 17:29:22', '2021-07-17 17:29:22', 'https://i3.mkgo.net/images/products/20210513034558.jpg'),
(196, '1626514677246', NULL, '1', 'Minute Dome Pro. air 1 (SSD-712)', 1, '10', NULL, '2021-07-17 17:37:57', '2021-07-17 17:37:57', 'https://i3.mkgo.net/images/products/20210712102540.jpg'),
(197, '1626531934881', NULL, '13', '紗網客廳帳 (TP-925)', 1, '2000', NULL, '2021-07-17 22:25:34', '2021-07-17 22:25:34', 'https://i3.mkgo.net/images/products/20210513034251.jpg'),
(198, '1626540783860', NULL, '13', '紗網客廳帳 (TP-925)', 1, '2000', NULL, '2021-07-18 00:53:03', '2021-07-18 00:53:03', 'https://i3.mkgo.net/images/products/20210513034251.jpg'),
(199, '1626540783860', NULL, '14', '大地帳 Pro.L (TP-450)', 1, '4790', NULL, '2021-07-18 00:53:03', '2021-07-18 00:53:03', 'https://i3.mkgo.net/images/products/20210513034558.jpg'),
(200, '1626540904765', NULL, '11', 'HD 六角蝶形天幕 Pro. (TP-250R)', 1, '2000', NULL, '2021-07-18 00:55:04', '2021-07-18 00:55:04', 'https://i3.mkgo.net/images/products/20210513034116.jpg'),
(201, '1626540904765', NULL, '12', '方形天幕 M (TP-841)', 1, '1200', NULL, '2021-07-18 00:55:04', '2021-07-18 00:55:04', 'https://i3.mkgo.net/images/products/20210513034140.jpg'),
(202, '1626540904765', NULL, '13', '紗網客廳帳 (TP-925)', 1, '2000', NULL, '2021-07-18 00:55:04', '2021-07-18 00:55:04', 'https://i3.mkgo.net/images/products/20210513034251.jpg'),
(203, '1626593318692', NULL, '12', '方形天幕 M (TP-841)', 3, '1200', NULL, '2021-07-18 15:28:38', '2021-07-18 15:28:38', 'https://i3.mkgo.net/images/products/20210513034140.jpg'),
(204, '1626593318692', NULL, '13', '紗網客廳帳 (TP-925)', 1, '2000', NULL, '2021-07-18 15:28:38', '2021-07-18 15:28:38', 'https://i3.mkgo.net/images/products/20210513034251.jpg'),
(205, '1626603971365', NULL, '12', '方形天幕 M (TP-841)', 1, '1200', NULL, '2021-07-18 18:26:11', '2021-07-18 18:26:11', 'https://i3.mkgo.net/images/products/20210513034140.jpg'),
(206, '1626603971365', NULL, '13', '紗網客廳帳 (TP-925)', 1, '2000', NULL, '2021-07-18 18:26:11', '2021-07-18 18:26:11', 'https://i3.mkgo.net/images/products/20210513034251.jpg'),
(207, '1626603971365', NULL, '11', 'HD 六角蝶形天幕 Pro. (TP-250R)', 1, '2000', NULL, '2021-07-18 18:26:11', '2021-07-18 18:26:11', 'https://i3.mkgo.net/images/products/20210513034116.jpg'),
(208, '1626603971365', NULL, '2', 'Landbreeze寢室帳 Pro.1 (SD-641)', 2, '2000', NULL, '2021-07-18 18:26:11', '2021-07-18 18:26:11', 'https://i3.mkgo.net/images/products/20210513033354.jpg'),
(209, '1626604102486', NULL, '14', '大地帳 Pro.L (TP-450)', 1, '4790', NULL, '2021-07-18 18:28:22', '2021-07-18 18:28:22', 'https://i3.mkgo.net/images/products/20210513034558.jpg'),
(210, '1626604102486', NULL, '1', 'Minute Dome Pro. air 1 (SSD-712)', 1, '10', NULL, '2021-07-18 18:28:22', '2021-07-18 18:28:22', 'https://i3.mkgo.net/images/products/20210712102540.jpg'),
(211, '1626604148579', NULL, '13', '紗網客廳帳 (TP-925)', 1, '2000', NULL, '2021-07-18 18:29:08', '2021-07-18 18:29:08', 'https://i3.mkgo.net/images/products/20210513034251.jpg'),
(212, '1626604148579', NULL, '14', '大地帳 Pro.L (TP-450)', 1, '4790', NULL, '2021-07-18 18:29:08', '2021-07-18 18:29:08', 'https://i3.mkgo.net/images/products/20210513034558.jpg'),
(213, '1626661125733', NULL, '14', '大地帳 Pro.L (TP-450)', 1, '4790', NULL, '2021-07-19 10:18:45', '2021-07-19 10:18:45', 'https://i3.mkgo.net/images/products/20210513034558.jpg'),
(214, '1626661125733', NULL, '1', 'Minute Dome Pro. air 1 (SSD-712)', 1, '10', NULL, '2021-07-19 10:18:45', '2021-07-19 10:18:45', 'https://i3.mkgo.net/images/products/20210712102540.jpg'),
(215, '1626661173343', NULL, '14', '大地帳 Pro.L (TP-450)', 1, '4790', NULL, '2021-07-19 10:19:33', '2021-07-19 10:19:33', 'https://i3.mkgo.net/images/products/20210513034558.jpg'),
(216, '1626661173343', NULL, '1', 'Minute Dome Pro. air 1 (SSD-712)', 1, '10', NULL, '2021-07-19 10:19:33', '2021-07-19 10:19:33', 'https://i3.mkgo.net/images/products/20210712102540.jpg'),
(217, '1626677894782', NULL, '51', '不鏽鋼餐盤組-4人四件組', 1, '50', NULL, '2021-07-19 14:58:14', '2021-07-19 14:58:14', 'https://i3.mkgo.net/images/products/20210714125309.jpg'),
(218, '1626677894782', NULL, '50', 'MiniSolo 鈦金屬個人鍋', 1, '30', NULL, '2021-07-19 14:58:14', '2021-07-19 14:58:14', 'https://i3.mkgo.net/images/products/20210714125298.jpg'),
(219, '1626691406964', NULL, '35', '雙口烤肉爐(IGT模組)', 4, '250', NULL, '2021-07-19 18:43:26', '2021-07-19 18:43:26', 'https://i3.mkgo.net/images/products/20210714124886.jpg'),
(220, '1626691406964', NULL, '36', '攜帶型烤爐(木柴用)', 5, '400', NULL, '2021-07-19 18:43:26', '2021-07-19 18:43:26', 'https://i3.mkgo.net/images/products/20210714124939.jpg'),
(221, '1626691504152', NULL, '35', '雙口烤肉爐(IGT模組)', 4, '250', NULL, '2021-07-19 18:45:04', '2021-07-19 18:45:04', 'https://i3.mkgo.net/images/products/20210714124886.jpg'),
(222, '1626691504152', NULL, '36', '攜帶型烤爐(木柴用)', 5, '400', NULL, '2021-07-19 18:45:04', '2021-07-19 18:45:04', 'https://i3.mkgo.net/images/products/20210714124939.jpg'),
(223, '1626691504152', NULL, '4', 'Landbreeze寢室帳 Pro.4 (SD-644)', 1, '5000', NULL, '2021-07-19 18:45:04', '2021-07-19 18:45:04', 'https://i3.mkgo.net/images/products/20210513033555.jpg'),
(224, '1626691504152', NULL, '5', 'Amenity Dome 寢室帳 S (SDE-002RH)', 1, '2500', NULL, '2021-07-19 18:45:04', '2021-07-19 18:45:04', 'https://i3.mkgo.net/images/products/20210513033657.jpg'),
(225, '1626691504152', NULL, '6', 'Amenity Dome 寢室帳 M (SDE-001RH)', 1, '3000', NULL, '2021-07-19 18:45:04', '2021-07-19 18:45:04', 'https://i3.mkgo.net/images/products/20210513033740.jpg'),
(226, '1626701926775', NULL, '13', '紗網客廳帳 (TP-925)', 5, '2000', NULL, '2021-07-19 21:38:46', '2021-07-19 21:38:46', 'https://i3.mkgo.net/images/products/20210513034251.jpg'),
(227, '1626701926775', NULL, '14', '大地帳 Pro.L (TP-450)', 4, '4790', NULL, '2021-07-19 21:38:46', '2021-07-19 21:38:46', 'https://i3.mkgo.net/images/products/20210513034558.jpg'),
(228, '1626706936559', NULL, '5', 'Amenity Dome 寢室帳 S (SDE-002RH)', 1, '2500', NULL, '2021-07-19 23:02:16', '2021-07-19 23:02:16', 'https://i3.mkgo.net/images/products/20210513033657.jpg'),
(229, '1626706936559', NULL, '6', 'Amenity Dome 寢室帳 M (SDE-001RH)', 1, '3000', NULL, '2021-07-19 23:02:16', '2021-07-19 23:02:16', 'https://i3.mkgo.net/images/products/20210513033740.jpg'),
(230, '1626706936559', NULL, '7', 'Amenity Dome 寢室帳 L (SDE-003RH)', 1, '5000', NULL, '2021-07-19 23:02:16', '2021-07-19 23:02:16', 'https://i3.mkgo.net/images/products/20210513033740.jpg'),
(231, '1626706936559', NULL, '3', 'Landbreeze寢室帳 Pro.3 (SD-643)', 3, '3000', NULL, '2021-07-19 23:02:16', '2021-07-19 23:02:16', 'https://i3.mkgo.net/images/products/20210513033524.jpg'),
(232, '1626750970699', NULL, '3', 'Landbreeze寢室帳 Pro.3', 1, '1000', NULL, '2021-07-20 11:16:10', '2021-07-20 11:16:10', 'https://i3.mkgo.net/images/products/20210513033524.jpg'),
(233, '1626767512675', NULL, '6', 'Amenity Dome寢室帳 M', 1, '700', NULL, '2021-07-20 15:51:52', '2021-07-20 15:51:52', 'https://i3.mkgo.net/images/products/20210513033740.jpg'),
(234, '1626767848757', NULL, '51', '不鏽鋼餐盤組-4人四件組', 5, '50', NULL, '2021-07-20 15:57:28', '2021-07-20 15:57:28', 'https://i3.mkgo.net/images/products/20210714125309.jpg'),
(235, '1626767848757', NULL, '53', '派對盤組', 5, '50', NULL, '2021-07-20 15:57:28', '2021-07-20 15:57:28', 'https://i3.mkgo.net/images/products/20210714125361.jpg'),
(236, '1626767848757', NULL, '53', '派對盤組', 1, '50', NULL, '2021-07-20 15:57:28', '2021-07-20 15:57:28', 'https://i3.mkgo.net/images/products/20210714125361.jpg'),
(237, '1626767848757', NULL, '18', 'Low chair 吊掛杯架 (UG-282)', 1, '20', NULL, '2021-07-20 15:57:28', '2021-07-20 15:57:28', 'https://i3.mkgo.net/images/products/20210714125059.jpg'),
(238, '1626768211890', NULL, '35', '雙口烤肉爐(IGT模組)', 4, '250', NULL, '2021-07-20 16:03:31', '2021-07-20 16:03:31', 'https://i3.mkgo.net/images/products/20210714124886.jpg'),
(239, '1626768211890', NULL, '13', '紗網客廳帳 (TP-925)', 4, '500', NULL, '2021-07-20 16:03:31', '2021-07-20 16:03:31', 'https://i3.mkgo.net/images/products/20210513034251.jpg'),
(240, '1626768211890', NULL, '42', 'Home & Camp 鍋具組', 6, '100', NULL, '2021-07-20 16:03:31', '2021-07-20 16:03:31', 'https://i3.mkgo.net/images/products/20210714124999.jpg'),
(241, '1626771148374', NULL, '9', 'HD 六角蝶形天幕 Pro. 焚火內掛頂布 (TP-250IR)', 2, '450', NULL, '2021-07-20 16:52:28', '2021-07-20 16:52:28', 'https://i3.mkgo.net/images/products/20210513034012.jpg'),
(242, '1626771148374', NULL, '5', 'Amenity Dome 寢室帳 S ', 1, '500', NULL, '2021-07-20 16:52:28', '2021-07-20 16:52:28', 'https://i3.mkgo.net/images/products/20210513033657.jpg'),
(243, '1626771148374', NULL, '4', 'Landbreeze寢室帳 Pro.4', 1, '700', NULL, '2021-07-20 16:52:28', '2021-07-20 16:52:28', 'https://i3.mkgo.net/images/products/20210513033555.jpg'),
(244, '1626771148374', NULL, '3', 'Landbreeze寢室帳 Pro.3', 8, '1000', NULL, '2021-07-20 16:52:28', '2021-07-20 16:52:28', 'https://i3.mkgo.net/images/products/20210513033524.jpg'),
(245, '1626786255408', NULL, '3', 'Landbreeze寢室帳 Pro.3', 1, '1000', NULL, '2021-07-20 21:04:15', '2021-07-20 21:04:15', 'https://i3.mkgo.net/images/products/20210513033524.jpg'),
(246, '1626786255408', NULL, '6', 'Amenity Dome寢室帳 M', 1, '700', NULL, '2021-07-20 21:04:15', '2021-07-20 21:04:15', 'https://i3.mkgo.net/images/products/20210513033740.jpg'),
(247, '1626786255408', NULL, '11', 'HD 六角蝶形天幕 Pro. (TP-250R)', 1, '500', NULL, '2021-07-20 21:04:15', '2021-07-20 21:04:15', 'https://i3.mkgo.net/images/products/20210513034116.jpg'),
(248, '1626850801326', NULL, '8', 'Snowpeak拱型帳 (SDE-080H)', 7, '850', NULL, '2021-07-21 15:00:01', '2021-07-22 10:24:53', 'https://i3.mkgo.net/images/products/20210513033848.jpg'),
(249, '1626850801326', NULL, '9', 'HD 六角蝶形天幕 Pro. 焚火內掛頂布 (TP-250IR)', 9, '450', NULL, '2021-07-21 15:00:01', '2021-07-22 10:25:00', 'https://i3.mkgo.net/images/products/20210513034012.jpg'),
(250, '1626853488260', NULL, '38', '烤爐桶炭盆', 1, '100', NULL, '2021-07-21 15:44:48', '2021-07-21 15:44:48', 'https://i3.mkgo.net/images/products/20210714124956.jpg'),
(251, '1626853488260', NULL, '29', '折疊椅-寬版紅', 1, '200', NULL, '2021-07-21 15:44:48', '2021-07-21 15:44:48', 'https://i3.mkgo.net/images/products/20210714124449.jpg'),
(252, '1626921626206', NULL, '3', 'Landbreeze寢室帳 Pro.3', 1, '1000', NULL, '2021-07-22 10:40:26', '2021-07-22 10:40:26', 'https://i3.mkgo.net/images/products/20210513033524.jpg'),
(253, '1626921626206', NULL, '6', 'Amenity Dome寢室帳 M', 1, '700', NULL, '2021-07-22 10:40:26', '2021-07-22 10:40:26', 'https://i3.mkgo.net/images/products/20210513033740.jpg');

-- --------------------------------------------------------

--
-- 資料表結構 `cartlogistics`
--

CREATE TABLE `cartlogistics` (
  `cartId` int(11) NOT NULL COMMENT '流水號',
  `cartLogisticsId` int(11) NOT NULL COMMENT '物流代碼',
  `cartLogisticsName` varchar(100) CHARACTER SET utf8mb4 COLLATE utf8mb4_unicode_ci NOT NULL COMMENT '物流名稱',
  `created_at` datetime NOT NULL DEFAULT current_timestamp() COMMENT '新增時間',
  `updated_at` datetime NOT NULL DEFAULT current_timestamp() ON UPDATE current_timestamp() COMMENT '更新時間'
) ENGINE=InnoDB DEFAULT CHARSET=utf8mb4;

--
-- 傾印資料表的資料 `cartlogistics`
--

INSERT INTO `cartlogistics` (`cartId`, `cartLogisticsId`, `cartLogisticsName`, `created_at`, `updated_at`) VALUES
(1, 1, '宅配', '2021-05-10 10:13:17', '2021-05-10 10:13:17'),
(2, 2, '來店自取', '2021-05-10 10:13:40', '2021-07-09 11:34:51'),
(3, 3, '營地用', '2021-05-10 10:13:40', '2021-07-19 08:39:12');

-- --------------------------------------------------------

--
-- 資料表結構 `cartorder`
--

CREATE TABLE `cartorder` (
  `cartOrderId` varchar(50) CHARACTER SET utf8mb4 COLLATE utf8mb4_unicode_ci NOT NULL COMMENT '訂單編號',
  `mid` int(11) DEFAULT NULL COMMENT '會員編號',
  `created_at` datetime NOT NULL DEFAULT current_timestamp() COMMENT '新增時間',
  `updated_at` datetime NOT NULL DEFAULT current_timestamp() ON UPDATE current_timestamp() COMMENT '更新時間',
  `cartStatus` varchar(20) CHARACTER SET utf8mb4 COLLATE utf8mb4_unicode_ci DEFAULT NULL,
  `cartDescription` varchar(50) CHARACTER SET utf8mb4 COLLATE utf8mb4_unicode_ci DEFAULT NULL,
  `cartLogisticsId` int(11) DEFAULT NULL COMMENT '物流方式',
  `cartPayId` int(11) DEFAULT NULL COMMENT '付款方式',
  `cartTotal` int(50) DEFAULT NULL COMMENT '總價',
  `nNN` varchar(50) CHARACTER SET utf8mb4 COLLATE utf8mb4_unicode_ci DEFAULT NULL COMMENT '收件人姓名',
  `countries` int(11) DEFAULT NULL COMMENT '縣市',
  `townships` int(11) DEFAULT NULL COMMENT '區域',
  `nAA` varchar(50) CHARACTER SET utf8mb4 COLLATE utf8mb4_unicode_ci NOT NULL COMMENT '收件人地址',
  `nCC` varchar(20) CHARACTER SET utf8mb4 COLLATE utf8mb4_unicode_ci NOT NULL COMMENT '收件人電話',
  `nEE` varchar(50) CHARACTER SET utf8mb4 COLLATE utf8mb4_unicode_ci NOT NULL COMMENT '收件人信箱',
  `orderclass` int(11) NOT NULL DEFAULT 1 COMMENT '訂單類別',
  `startTime` varchar(50) DEFAULT NULL COMMENT '初始時間',
  `endTime` varchar(50) DEFAULT NULL COMMENT '結束時間',
  `gameDay` int(5) DEFAULT NULL COMMENT '遊玩天數',
  `newMember` int(50) DEFAULT NULL COMMENT '已使用的優惠券'
) ENGINE=InnoDB DEFAULT CHARSET=utf8mb4;

--
-- 傾印資料表的資料 `cartorder`
--

INSERT INTO `cartorder` (`cartOrderId`, `mid`, `created_at`, `updated_at`, `cartStatus`, `cartDescription`, `cartLogisticsId`, `cartPayId`, `cartTotal`, `nNN`, `countries`, `townships`, `nAA`, `nCC`, `nEE`, `orderclass`, `startTime`, `endTime`, `gameDay`, `newMember`) VALUES
('1625567594258', 2, '2021-07-06 18:33:14', '2021-07-13 23:25:12', '已取消', '1', 1, 1, 7670, '我的第一筆訂單', NULL, 0, '基隆市仁愛區大安路一段', '0919999999', 'eaag@gmail.com', 1, NULL, NULL, NULL, NULL),
('1625567795104', 1, '2021-07-06 18:36:35', '2021-07-10 11:05:24', '已完成', '1', 1, 1, 2470, '皮卡丘大姨媽', NULL, 0, '基隆市仁愛區台北市大安區大安路一段', '0919999999', 'eaag@gmail.com', 1, NULL, NULL, NULL, NULL),
('1625567807905', 1, '2021-07-06 18:36:47', '2021-07-10 11:06:34', '已完成', '1', 1, 1, 2470, '皮卡丘大姨媽', NULL, 0, '基隆市仁愛區台北市大安區大安路一段', '0919999999', 'eaag@gmail.com', 1, NULL, NULL, NULL, NULL),
('1625567821612', 1, '2021-07-06 18:37:01', '2021-07-06 18:37:01', '待出貨', '1', 1, 1, 3970, '皮卡丘大姨媽', NULL, 0, '彰化縣花壇鄉大安路一段', '0919999999', 'eaag@gmail.com', 1, NULL, NULL, NULL, NULL),
('1625567834880', 1, '2021-07-06 18:37:14', '2021-07-06 18:37:14', '待出貨', '1', 1, 1, 3970, '我的第一筆訂單', NULL, 0, '宜蘭縣壯圍鄉台北市大安區大安路一段', '0919999999', 'eaag@gmail.com', 1, NULL, NULL, NULL, NULL),
('1625577783055', 1, '2021-07-06 21:23:03', '2021-07-06 21:23:03', '待出貨', '1', 1, 1, 2470, '我的第一筆訂單', NULL, 0, '基隆市信義區台北市大安區大安路一段', '0919999999', 'eaag@gmail.com', 1, NULL, NULL, NULL, NULL),
('1625579010735', 1, '2021-07-06 21:43:30', '2021-07-06 21:43:30', '待出貨', '1', 1, 1, 2470, '我的第一筆訂單', NULL, 0, '基隆市仁愛區台北市大安區大安路一段', '0919999999', 'eaag@gmail.com', 1, NULL, NULL, NULL, NULL),
('1625582936028', 1, '2021-07-06 22:48:56', '2021-07-06 22:48:56', '待出貨', '1', 1, 1, 2470, '皮卡丘大姨媽', NULL, 0, '台北市中山區台北市大安區大安路一段', '0919999999', 'eaag@gmail.com', 1, NULL, NULL, NULL, NULL),
('1625621819820', 1, '2021-07-07 09:36:59', '2021-07-07 09:36:59', '待出貨', '1', 1, 1, 2470, '我的第一筆訂單', NULL, 0, '台北市中山區台北市大安區大安路一段', '0919999999', 'eaag@gmail.com', 1, NULL, NULL, NULL, NULL),
('1625626900000', 1, '2021-07-07 11:01:40', '2021-07-07 11:01:40', '待出貨', '1', 1, 1, 2470, '皮卡丘大姨媽', NULL, 0, '基隆市信義區大安路一段', '0919999999', 'eaag@gmail.com', 1, NULL, NULL, NULL, NULL),
('1625627421521', 1, '2021-07-07 11:10:21', '2021-07-07 11:10:21', '待出貨', '1', 1, 1, 2470, '我的第一筆訂單', NULL, 0, '台北市大同區大安路一段', '0919999999', 'eaag@gmail.com', 1, NULL, NULL, NULL, NULL),
('1625628521857', 1, '2021-07-07 11:28:41', '2021-07-07 11:28:41', '待出貨', '1', 1, 1, 4070, '皮卡丘大姨媽', NULL, 0, '基隆市信義區大安路一段', '0919999999', 'eaag@gmail.com', 1, NULL, NULL, NULL, NULL),
('1625629520733', 1, '2021-07-07 11:45:20', '2021-07-07 11:45:20', '待出貨', '1', 1, 1, 2470, '我的第一筆訂單', NULL, 0, '台北市中正區大安路一段', '0919999999', 'eaag@gmail.com', 1, NULL, NULL, NULL, NULL),
('1625631646253', 1, '2021-07-07 12:20:46', '2021-07-07 12:20:46', '待出貨', '1', 1, 1, 2470, '皮卡丘大姨媽', NULL, 0, '台北市中山區大安路一段', '0919999999', 'eaag@gmail.com', 1, NULL, NULL, NULL, NULL),
('1625642416058', 1, '2021-07-07 15:20:16', '2021-07-07 15:20:16', '待出貨', '1', 1, 1, 2470, '皮卡丘大姨媽', NULL, 0, '基隆市信義區大安路一段', '0919999999', 'eaag@gmail.com', 1, NULL, NULL, NULL, NULL),
('1625651597463', 1, '2021-07-07 17:53:17', '2021-07-07 17:53:17', '待出貨', '1', 1, 1, 16870, '皮卡丘大姨媽', NULL, 0, '基隆市中正區大安路一段', '0919999999', 'eaag@gmail.com', 1, NULL, NULL, NULL, NULL),
('1625661055815', 1, '2021-07-07 20:30:55', '2021-07-07 20:30:55', '待出貨', '1', 1, 1, 2470, '皮卡丘大姨媽', NULL, 0, '基隆市中正區大安路一段', '0978978978', 'eaag@gmail.com111', 1, NULL, NULL, NULL, NULL),
('1625666583878', 1, '2021-07-07 22:03:03', '2021-07-07 22:03:03', '待出貨', '1', 1, 1, 2470, '我的第一筆訂單', NULL, 0, '台北市中山區大安路一段', '0919999999', 'eaag@gmail.com', 3, NULL, NULL, NULL, NULL),
('1625666697043', 1, '2021-07-07 22:04:57', '2021-07-07 22:04:57', '待出貨', '1', 1, 1, 2470, '皮卡丘大姨媽', NULL, 0, '新北市板橋區大安路一段', '0919999999', 'eaag@gmail.com', 3, NULL, NULL, NULL, NULL),
('1625667133831', 1, '2021-07-07 22:12:13', '2021-07-07 22:12:13', '待出貨', '1', 1, 1, 9670, '我的第一筆訂單', NULL, 0, '台北市中山區大安路一段', '0919999999', 'eaag@gmail.com', 3, NULL, NULL, NULL, NULL),
('1625667240094', 1, '2021-07-07 22:14:00', '2021-07-07 22:14:00', '待出貨', '1', 1, 1, 2470, '皮卡丘大姨媽', NULL, 0, '新北市板橋區大安路一段', '0919999999', 'eaag@gmail.com', 1, NULL, NULL, NULL, NULL),
('1625668103352', 1, '2021-07-07 22:28:23', '2021-07-07 22:28:23', '待出貨', '1', 1, 1, 8170, '皮卡丘大姨媽', NULL, 0, '台北市大同區大安路一段', '0919999999', 'eaag@gmail.com', 3, NULL, NULL, NULL, NULL),
('1625742201108', 1, '2021-07-08 19:03:21', '2021-07-08 19:03:21', '待出貨', '1', 1, 1, 4570, '皮卡丘大姨媽', NULL, 0, '台北市中山區大安路一段', '0919999999', 'eaag@gmail.com', 1, NULL, NULL, NULL, NULL),
('1625743153583', 1, '2021-07-08 19:19:13', '2021-07-10 19:03:47', '已取消', '1', 1, 1, 8770, '皮卡丘大姨媽', NULL, 0, '基隆市信義區大安路一段', '0919999999', 'eaag@gmail.com', 1, NULL, NULL, NULL, NULL),
('1625747009517', 1, '2021-07-08 20:23:29', '2021-07-08 22:39:21', '已取消', '1', 1, 1, 2470, '我的第一筆訂單', NULL, 0, '基隆市信義區大安路一段', '0919999999', 'eaag@gmail.com', 1, NULL, NULL, NULL, NULL),
('1625796246478', 1, '2021-07-09 10:04:06', '2021-07-09 11:17:11', '已取消', '1', 1, 1, 15370, '我的第一筆訂單', NULL, 0, '新竹市全區大安路一段', '0919999999', 'eaag@gmail.com', 1, NULL, NULL, NULL, NULL),
('1625802353607', 1, '2021-07-09 11:45:53', '2021-07-09 18:54:19', '已取消', '1', 2, 1, 4570, '我的第一筆訂單', NULL, 0, '台北市大同區大安路一段', '0919999999', 'eaag@gmail.com', 1, NULL, NULL, NULL, NULL),
('1625802577923', 1, '2021-07-09 11:49:37', '2021-07-09 11:49:37', '待出貨', '1', NULL, 1, 4570, '我的第一筆訂單', NULL, 0, '台北市中山區大安路一段', '0919999999', 'eaag@gmail.com', 1, NULL, NULL, NULL, NULL),
('1625828260609', 1, '2021-07-09 18:57:40', '2021-07-09 18:57:40', '待出貨', '1', NULL, 1, 15870, 'sssss', NULL, 0, '新北市板橋區大安路一段', '0919999999', 'eaag@gmail.com', 1, NULL, NULL, NULL, NULL),
('1625901727459', 1, '2021-07-10 15:22:07', '2021-07-10 15:22:07', '待出貨', '1', NULL, 1, 12270, '我的第一筆訂單', NULL, 0, '新北市汐止區大安路一段', '0919999999', 'eaag@gmail.com111', 1, NULL, NULL, NULL, NULL),
('1625901905512', 1, '2021-07-10 15:25:05', '2021-07-10 21:32:27', '待出貨', '1', 1, 1, 4570, '我的第一筆訂單', NULL, 0, '台北市大同區大安路一段', '0919999999', 'eaag@gmail.com', 1, NULL, NULL, NULL, NULL),
('1625904851658', 1, '2021-07-10 16:14:11', '2021-07-10 21:32:24', '待出貨', '1', 1, 1, 2470, '皮卡丘大姨媽', NULL, 0, '台北市大同區大安路一段', '0919999999', 'eaag@gmail.com', 1, NULL, NULL, NULL, NULL),
('1625904887770', 1, '2021-07-10 16:14:47', '2021-07-11 20:41:28', '已完成', '1', 1, 1, 12033, '我的第一筆訂單', 5, 1, '新北市金山區大安路一段', '0919999999', 'eaag@gmail.com', 1, NULL, NULL, NULL, NULL),
('1625997066460', 1, '2021-07-11 17:51:06', '2021-07-11 20:41:21', '待出貨', '1', 1, 1, 13923, '', 2, 3, '基隆市信義區大安路一段', '', '', 1, NULL, NULL, NULL, NULL),
('1626002064304', 1, '2021-07-11 19:14:24', '2021-07-11 20:41:17', '待出貨', '1', 2, 1, 4370, '陳雷', 1, 2, '台北市大同區大安路一段', '0918888888', 'eaea@eeee.eee', 1, NULL, NULL, NULL, NULL),
('1626007859043', 1, '2021-07-11 20:50:59', '2021-07-11 21:35:11', '已取消', '1', 1, 1, 4570, '我的第一筆訂單', 3, 6, '大安路一段', '0919999999', 'eaag@gmail.com', 1, NULL, NULL, NULL, NULL),
('1626010539374', 1, '2021-07-11 21:35:39', '2021-07-11 21:35:39', '待出貨', '1', 1, 1, 5570, '我的第一筆訂單', 8, 5, '大安路一段', '0919999999', 'eaag@gmail.com', 1, NULL, NULL, NULL, NULL),
('1626013213733', 1, '2021-07-11 22:20:13', '2021-07-11 23:13:25', '已取消', '1', 1, 1, 11943, '我的第一筆訂單', 1, 3, '大安路一段', '0919999999', 'eaag@gmail.com', 1, NULL, NULL, NULL, NULL),
('1626058933035', 1, '2021-07-12 11:02:13', '2021-07-12 11:02:13', '待出貨', '1', 1, 1, 4570, '我的第一筆訂單', 1, 2, '大安路一段', '0919999999', 'eaag@gmail.com', 1, NULL, NULL, NULL, NULL),
('1626068337061', 1, '2021-07-12 13:38:57', '2021-07-12 13:38:57', '待出貨', '1', 1, 1, 6070, '陳雷', 1, 2, '大安路一段', '0918888888', 'eaea@eeee.eee', 1, NULL, NULL, NULL, NULL),
('1626071233035', 1, '2021-07-12 14:27:13', '2021-07-12 14:27:13', '待出貨', '1', 1, 1, 2470, '我的第一筆訂單', 1, 2, '大安路一段', '0919999999', 'eaag@gmail.com', 1, NULL, NULL, NULL, NULL),
('1626085163695', 1, '2021-07-12 18:19:23', '2021-07-12 18:19:23', '待出貨', '1', 1, 1, 4070, '陳雷', 1, 1, '大安路一段', '0919999999', 'eaag@gmail.com', 1, NULL, NULL, NULL, NULL),
('1626085305716', 1, '2021-07-12 18:21:45', '2021-07-12 18:21:45', '待出貨', '1', 1, 1, 6570, '皮卡丘大姨媽', 1, 2, '大安路一段', '0919999999', 'eaag@gmail.com', 1, NULL, NULL, NULL, NULL),
('1626085337554', 1, '2021-07-12 18:22:17', '2021-07-12 18:22:17', '待出貨', '1', 1, 1, 4570, '我的第一筆訂單', 1, 1, '大安路一段', '0919999999', 'eaag@gmail.com', 1, NULL, NULL, NULL, NULL),
('1626085661779', 1, '2021-07-12 18:27:41', '2021-07-12 18:27:41', '待出貨', '1', 1, 1, 4570, 'asdsad', 1, 2, '大安路一段', '0919999999', 'eaag@gmail.com', 1, NULL, NULL, NULL, NULL),
('1626085722139', 1, '2021-07-12 18:28:42', '2021-07-12 18:28:42', '待出貨', '1', 1, 1, 4570, '我的第一筆訂單', 1, 1, '大安路一段', '0919999999', 'eaag@gmail.com', 1, NULL, NULL, NULL, NULL),
('1626085767015', 1, '2021-07-12 18:29:27', '2021-07-12 18:29:27', '待出貨', '1', 1, 1, 4570, '皮卡丘大姨媽', 1, 2, '大安路一段', '0919999999', 'eaag@gmail.com', 1, NULL, NULL, NULL, NULL),
('1626086049836', 1, '2021-07-12 18:34:09', '2021-07-12 18:34:09', '待出貨', '1', 1, 1, 4570, '我的第一筆訂單', 2, 1, '大安路一段', '0919999999', 'eaag@gmail.com', 1, NULL, NULL, NULL, NULL),
('1626086148952', 1, '2021-07-12 18:35:48', '2021-07-12 18:35:48', '待出貨', '1', 1, 1, 4570, '我的第一筆訂單', 1, 1, '大安路一段', '0919999999', 'eaag@gmail.com', 1, NULL, NULL, NULL, NULL),
('1626086251398', 1, '2021-07-12 18:37:31', '2021-07-12 18:37:31', '待出貨', '1', 1, 1, 4570, '我的第一筆訂單', 1, 1, '大安路一段', '0919999999', 'eaag@gmail.com', 1, NULL, NULL, NULL, NULL),
('1626093965338', 1, '2021-07-12 20:46:05', '2021-07-12 20:46:05', '待出貨', '1', 2, 1, 2370, '我的第一筆訂單', 0, 1, '大安路一段', '0919999999', 'eaag@gmail.com', 1, NULL, NULL, NULL, NULL),
('1626094088751', 1, '2021-07-12 20:48:08', '2021-07-12 20:48:08', '待出貨', '1', 1, 1, 2470, '我的第一筆訂單', 1, 1, '大安路一段', '0919999999', 'eaag@gmail.com', 1, NULL, NULL, NULL, NULL),
('1626103741754', 1, '2021-07-12 23:29:01', '2021-07-12 23:29:01', '待出貨', '1', 2, 1, 2370, '我的第一筆訂單', 2, 2, '大安路一段', '0919999999', 'eaag@gmail.com', 1, NULL, NULL, NULL, NULL),
('1626183023694', 1, '2021-07-13 21:30:23', '2021-07-13 21:30:23', '待出貨', '1', 1, 1, 970, '我的第一筆訂單', 0, 1, '大安路一段', '0919999999', 'eaag@gmail.com', 1, NULL, NULL, NULL, NULL),
('1626191321249', 1, '2021-07-13 23:48:41', '2021-07-13 23:48:41', '待出貨', '1', 1, 1, 8170, '我的第一筆訂單', 1, 1, '大安路一段', '0919999999', 'eaag@gmail.com', 1, NULL, NULL, NULL, NULL),
('1626192035919', 1, '2021-07-14 00:00:35', '2021-07-14 00:00:35', '待出貨', '1', 1, 1, 4570, '我的第一筆訂單', 2, 1, '大安路一段', '0919999999', 'eaag@gmail.com', 1, NULL, NULL, NULL, NULL),
('1626250628841', 1, '2021-07-14 16:17:08', '2021-07-14 16:17:08', '待出貨', '1', 1, 1, 4570, '我的第一筆訂單', 2, 3, '大安路一段', '0919999999', 'eaag@gmail.com', 1, NULL, NULL, NULL, NULL),
('1626251334371', 1, '2021-07-14 16:28:54', '2021-07-14 16:28:54', '待出貨', '1', 1, 1, 4570, '', 2, 4, '大安路一段', '', '', 1, NULL, NULL, NULL, NULL),
('1626253046909', 1, '2021-07-14 16:57:26', '2021-07-14 16:57:26', '待出貨', '1', 1, 1, 7070, '', 2, 1, '大安路一段', '', '', 1, NULL, NULL, NULL, NULL),
('1626253459149', 1, '2021-07-14 17:04:19', '2021-07-14 17:04:19', '待出貨', '1', 1, 1, 4570, '我的第一筆訂單', 2, 1, '大安路一段', '0919999999', 'eaag@gmail.com', 1, '2021-07-15', '2021-07-16', NULL, NULL),
('1626253613043', 1, '2021-07-14 17:06:53', '2021-07-14 17:06:53', '待出貨', '1', 1, 1, 4570, '', 2, 2, '大安路一段', '', '', 1, '2021-07-15', '2021-07-16', NULL, NULL),
('1626257193247', 1, '2021-07-14 18:06:33', '2021-07-14 18:06:33', '待出貨', '1', 1, 1, 12834, 'sssss', 2, 2, '大安路一段', '0919999999', 'eaag@gmail.com', 1, '2021-07-29', '2021-07-30', NULL, NULL),
('1626259951988', 1, '2021-07-14 18:52:32', '2021-07-14 18:52:32', '待出貨', '1', 1, 1, -330, '我的第一筆訂單', 2, 2, '大安路一段', '0919999999', 'eaag@gmail.com', 1, '2021-07-15', '2021-07-16', NULL, NULL),
('1626260190091', 1, '2021-07-14 18:56:30', '2021-07-14 18:56:30', '待出貨', '1', 1, 1, 8703, '我的第一筆訂單', 2, 5, '大安路一段', '0919999999', 'eaag@gmail.com', 1, '2021-07-15', '2021-07-16', NULL, NULL),
('1626261264797', 1, '2021-07-14 19:14:24', '2021-07-14 19:14:24', '待出貨', '1', 1, 1, 8703, '我的第一筆訂單', 2, 0, '大安路一段', '0919999999', 'eaag@gmail.com', 1, '2021-07-15', '2021-07-16', NULL, NULL),
('1626269222220', 1, '2021-07-14 21:27:02', '2021-07-14 21:27:02', '待出貨', '1', 1, 1, 6570, '', 2, 1, 'test@gmail.com', '', '', 1, '2021-07-15', '2021-07-16', NULL, NULL),
('1626269260118', 1, '2021-07-14 21:27:40', '2021-07-14 21:27:40', '待出貨', '1', 1, 1, 6570, '我的第一筆訂單', 2, 0, '大安路一段', '0919999999', 'eaag@gmail.com', 1, '2021-07-15', '2021-07-16', NULL, NULL),
('1626269464866', 1, '2021-07-14 21:31:04', '2021-07-14 21:31:04', '待出貨', '1', 1, 1, 5280, '', 2, 0, 'test@gmail.com', '', '', 1, '2021-07-15', '2021-07-16', NULL, NULL),
('1626269600332', 1, '2021-07-14 21:33:20', '2021-07-14 21:33:20', '待出貨', '1', 1, 1, 4570, '林null', 2, 3, '大安路一段', '0953967734', 'test@gmail.com', 1, '2021-07-15', '2021-07-16', NULL, NULL),
('1626270587265', 1, '2021-07-14 21:49:47', '2021-07-14 21:50:05', '已取消', '1', 1, 1, 4820, '林null', 2, 1, '大安路一段', '0953967734', 'test@gmail.com', 1, '2021-07-15', '2021-07-16', NULL, NULL),
('1626271248472', 1, '2021-07-14 22:00:48', '2021-07-14 22:00:48', '待出貨', '1', 1, 1, 1470, '林null', 2, 1, '大安路一段', '0953967734', 'test@gmail.com', 1, '2021-07-15', '2021-07-16', NULL, NULL),
('1626341258947', 183, '2021-07-15 17:27:38', '2021-07-15 17:27:38', '待出貨', '1', 2, 1, 10269, '我的第一筆訂單', 2, 1, '大安路一段', '0919999999', 'eaag@gmail.com', 1, '2021-07-16', '2021-07-17', NULL, NULL),
('1626341456570', 183, '2021-07-15 17:30:56', '2021-07-15 17:30:56', '待出貨', '1', 1, 1, 58680, '王家家', 2, 1, '大安路一段', '0999999999', 'ww@gmail.com', 1, '2021-07-16', '2021-07-22', NULL, NULL),
('1626341915552', 183, '2021-07-15 17:38:35', '2021-07-15 17:38:35', '待出貨', '1', 1, 1, 48140, '我的第一筆訂單', 2, 2, '大安路一段', '0919999999', 'eaag@gmail.com', 1, '2021-07-16', '2021-07-22', NULL, NULL),
('1626342308096', 183, '2021-07-15 17:45:08', '2021-07-15 17:45:08', '待出貨', '1', 1, 1, 77922, '我的第一筆訂單', 2, 3, '大安路一段', '0919999999', 'eaag@gmail.com', 1, '2021-07-16', '2021-07-22', NULL, NULL),
('1626342764391', 183, '2021-07-15 17:52:44', '2021-07-15 17:52:44', '待出貨', '1', 1, 1, 40840, '我的第一筆訂單', 2, 1, '大安路一段', '0919999999', 'eaag@gmail.com', 1, '2021-07-16', '2021-07-22', NULL, NULL),
('1626342892293', 183, '2021-07-15 17:54:52', '2021-07-15 17:54:52', '待出貨', '1', 1, 1, 57740, '我的第一筆訂單', 2, 2, '大安路一段', '0919999999', 'eaag@gmail.com', 1, '2021-07-16', '2021-07-22', NULL, NULL),
('1626343042173', 183, '2021-07-15 17:57:22', '2021-07-15 17:57:22', '待出貨', '1', 1, 1, 62856, '我的第一筆訂單', 2, 3, '大安路一段', '0919999999', 'eaag@gmail.com', 1, '2021-07-16', '2021-07-22', 6, 1),
('1626344306576', 183, '2021-07-15 18:18:26', '2021-07-15 18:18:26', '待出貨', '1', 1, 1, 115506, '我的第一筆訂單', 2, 1, '大安路一段', '0919999999', 'eaag@gmail.com', 1, '2021-07-16', '2021-07-24', 8, 1),
('1626344523933', 183, '2021-07-15 18:22:03', '2021-07-15 18:22:03', '待出貨', '1', 2, 1, 63920, '我的第一筆訂單', 2, 1, '大安路一段', '0919999999', 'eaag@gmail.com', 1, '2021-07-16', '2021-07-24', 8, 0),
('1626344625196', 183, '2021-07-15 18:23:45', '2021-07-15 22:06:47', '已取消', '1', 2, 1, 114966, '我的第一筆訂單', 2, 1, '大安路一段', '0919999999', 'eaag@gmail.com', 1, '2021-07-16', '2021-07-24', 8, 1),
('1626357743242', 183, '2021-07-15 22:02:23', '2021-07-15 22:02:23', '待出貨', '1', 1, 1, 7000, '我的第一筆訂單', 2, 2, '大安路一段', '0919999999', 'eaag@gmail.com', 1, '2021-07-16', '2021-07-17', 1, 1),
('1626362128572', 183, '2021-07-15 23:15:28', '2021-07-15 23:15:28', '待出貨', '1', 1, 1, 4900, '我的第一筆訂單', 2, 1, '大安路一段', '0919999999', 'eaag@gmail.com', 1, '2021-07-16', '2021-07-17', 1, 1),
('1626362219433', 183, '2021-07-15 23:16:59', '2021-07-15 23:16:59', '待出貨', '1', 1, 1, 7000, '我的第一筆訂單', 2, 3, '大安路一段', '0919999999', 'eaag@gmail.com', 1, '2021-07-16', '2021-07-17', 1, 1),
('1626362499208', 183, '2021-07-15 23:21:39', '2021-07-15 23:21:39', '待出貨', '1', 1, 1, 12690, '我的第一筆訂單', 2, 1, '大安路一段', '0919999999', 'eaag@gmail.com', 1, '2021-07-16', '2021-07-17', 1, 1),
('1626362633791', 183, '2021-07-15 23:23:53', '2021-07-15 23:23:53', '待出貨', '1', 1, 1, 9700, '我的第一筆訂單', 2, 1, '大安路一段', '0919999999', 'eaag@gmail.com', 1, '2021-07-16', '2021-07-17', 1, 1),
('1626364949229', 183, '2021-07-16 00:02:29', '2021-07-16 00:02:29', '待出貨', '1', 1, 1, 9700, '我的第一筆訂單', 2, 0, '大安路一段', '0919999999', 'eaag@gmail.com', 1, '2021-07-16', '2021-07-17', 1, 1),
('1626365010287', 183, '2021-07-16 00:03:30', '2021-07-16 00:03:30', '待出貨', '1', 1, 1, 13780, '我的第一筆訂單', 2, 0, '大安路一段', '0919999999', 'eaag@gmail.com', 1, '2021-07-17', '2021-07-19', 2, 0),
('1626365138417', 183, '2021-07-16 00:05:38', '2021-07-16 00:05:38', '待出貨', '1', 1, 1, 13680, '我的第一筆訂單', 2, 1, '大安路一段', '0919999999', 'eaag@gmail.com', 1, '2021-07-17', '2021-07-19', 2, 1),
('1626407715541', 183, '2021-07-16 11:55:15', '2021-07-16 11:55:15', '待出貨', '1', 1, 1, 99200, '我的第一筆訂單', 2, 1, '大安路一段', '0919999999', 'eaag@gmail.com', 1, '2021-07-17', '2021-07-30', 13, 1),
('1626425607750', 1, '2021-07-16 16:53:27', '2021-07-16 16:53:27', '待出貨', '1', 1, 1, 6990, '我的第一筆訂單', 2, 0, '大安路一段', '0919999999', 'eaag@gmail.com', 1, '2021-07-17', '2021-07-18', 1, 0),
('1626495998703', 183, '2021-07-17 12:26:38', '2021-07-17 12:26:38', '待出貨', '1', 2, 1, 12132, '陳無敵', 2, 1, '大安路一段', '0919999999', 'ww@gmail.com', 1, '2021-07-18', '2021-07-19', 1, 1),
('1626512557305', 183, '2021-07-17 17:02:37', '2021-07-17 17:02:37', '待出貨', '1', 1, 1, 300, '陳無敵', 2, 1, '大安路一段', '0919999999', 'ww@gmail.com', 1, '2021-07-18', '2021-07-19', 1, 0),
('1626512605993', 183, '2021-07-17 17:03:26', '2021-07-17 17:03:26', '待出貨', '1', 1, 1, 20700, '我的第一筆訂單', 2, 6, '大安路一段', '0919999999', 'eaag@gmail.com', 1, '2021-07-18', '2021-07-21', 3, 0),
('1626514162317', 183, '2021-07-17 17:29:22', '2021-07-17 17:29:22', '待出貨', '1', 2, 1, 6790, '我的第一筆訂單', 2, 3, '大安路一段', '0919999999', 'eaag@gmail.com', 1, '2021-07-18', '2021-07-19', 1, 0),
('1626514677246', 183, '2021-07-17 17:37:57', '2021-07-17 17:37:57', '待出貨', '1', 1, 1, 110, '陳無敵', 7, 1, '大安路一段', '0919999999', 'ww@gmail.com', 1, '2021-07-18', '2021-07-19', 1, 0),
('1626531934881', 183, '2021-07-17 22:25:34', '2021-07-17 22:25:34', '待出貨', '1', NULL, 1, 2000, '', -1, -1, '大安路一段', '0919999999', 'eaag@gmail.com', 1, '2021-07-18', '2021-07-19', 1, 0),
('1626540783860', 196, '2021-07-18 00:53:03', '2021-07-18 00:53:03', '待出貨', '1', 1, 1, 6890, '我的第一筆訂單', 2, 2, '大安路一段', '0919999999', 'eaag@gmail.com', 1, '2021-07-19', '2021-07-20', 1, 1),
('1626540904765', 197, '2021-07-18 00:55:04', '2021-07-18 00:55:04', '待出貨', '1', 2, 1, 5100, '我的第一筆訂單', 1, 4, '大安路一段', '0919999999', 'eaag@gmail.com', 1, '2021-07-19', '2021-07-20', 1, 1),
('1626593318692', 197, '2021-07-18 15:28:38', '2021-07-18 15:28:38', '待出貨', '1', 1, 1, 6000, 'NULLnull', 1, 2, '大安路一段', '0919999999', 'asd@gmail.com', 1, '2021-07-19', '2021-07-20', 1, 0),
('1626603971365', 197, '2021-07-18 18:26:11', '2021-07-18 18:26:11', '待出貨', '1', 1, 1, 9700, 'NULLnull', 1, 2, '555', '0919999999', 'asd@gmail.com', 1, '2021-07-19', '2021-07-20', 1, 0),
('1626604102486', 197, '2021-07-18 18:28:22', '2021-07-18 18:28:22', '待出貨', '1', 1, 1, 5000, 'NULLnull', 7, 3, '666', '0919999999', 'asd@gmail.com', 1, '2021-07-19', '2021-07-20', 1, 0),
('1626604148579', 197, '2021-07-18 18:29:08', '2021-07-18 18:29:08', '待出貨', '1', 1, 1, 6990, 'NULLnull', 1, 2, '555', '0919999999', 'asd@gmail.com', 1, '2021-07-19', '2021-07-20', 1, 0),
('1626655180045', 199, '2021-07-19 08:39:40', '2021-07-19 08:39:40', '待出貨', '1', 3, 1, 8400, '我的第一筆訂單', NULL, NULL, '大安路一段', '0919999999', 'eaag@gmail.com', 3, NULL, NULL, NULL, 0),
('1626655344619', 199, '2021-07-19 08:42:24', '2021-07-19 08:42:24', '待出貨', '1', 3, 1, 8400, '我的第一筆訂單', NULL, NULL, '大安路一段', '0919999999', 'eaag@gmail.com', 3, NULL, NULL, NULL, 0),
('1626655538266', 199, '2021-07-19 08:45:38', '2021-07-19 08:45:38', '待出貨', '1', 3, 1, 8400, '我的第一筆訂單', NULL, NULL, '大安路一段', '0919999999', 'eaag@gmail.com', 3, NULL, NULL, 3, 0),
('1626656114211', 199, '2021-07-19 08:55:14', '2021-07-19 08:55:14', '待出貨', '1', 3, 1, 8400, '我的第一筆訂單', NULL, NULL, '大安路一段', '0919999999', 'eaag@gmail.com', 3, NULL, NULL, 3, 0),
('1626656338056', 199, '2021-07-19 08:58:58', '2021-07-19 08:58:58', '待出貨', '1', 3, 1, 8400, '我的第一筆訂單', NULL, NULL, '大安路一段', '0919999999', 'eaag@gmail.com', 3, NULL, NULL, 3, 0),
('1626656401168', 199, '2021-07-19 09:00:01', '2021-07-19 09:00:01', '待出貨', '1', 3, 1, 8400, '我的第一筆訂單', NULL, NULL, '大安路一段', '0919999999', 'eaag@gmail.com', 3, NULL, NULL, 3, 0),
('1626656469056', 199, '2021-07-19 09:01:09', '2021-07-19 09:01:09', '待出貨', '1', 3, 1, 8400, '我的第一筆訂單', NULL, NULL, '大安路一段', '0919999999', 'eaag@gmail.com', 3, '2021.07.21', '2021.07.24', 3, 0),
('1626661173343', 199, '2021-07-19 10:19:33', '2021-07-19 10:19:33', '待出貨', '1', 1, 1, 5000, '我的第一筆訂單', 0, 1, '大安路一段', '0919999999', 'eaag@gmail.com', 1, '2021-07-20', '2021-07-21', 1, 0),
('1626674524256', 199, '2021-07-19 14:02:04', '2021-07-19 14:02:04', '已預訂', '1', 3, 1, 12150, '林null', NULL, NULL, '大安路一段', '0919999999', 'eaag@gmail.com', 3, '2021-07-20', '2021-07-23', 3, 0),
('1626676238668', 199, '2021-07-19 14:30:38', '2021-07-19 14:30:38', '已預訂', '1', 3, 1, 21870, '我的第一筆訂單', NULL, NULL, '大安路一段', '0919999999', 'eaag@gmail.com', 3, '2021-07-21', '2021-07-24', 3, 0),
('1626676727373', 199, '2021-07-19 14:38:47', '2021-07-19 14:38:47', '已預訂', '1', 3, 3, 21870, '我的第一筆訂單', NULL, NULL, '大安路一段', '0919999999', 'eaag@gmail.com', 3, '2021-07-21', '2021-07-24', 3, 0),
('1626677430298', 199, '2021-07-19 14:50:30', '2021-07-19 14:50:30', '已預訂', '1', 3, 2, 6000, '我的第一筆訂單', NULL, NULL, '大安路一段', '0919999999', 'eaag@gmail.com', 3, '2021-07-22', '2021-07-23', 1, 0),
('1626677894782', 199, '2021-07-19 14:58:14', '2021-07-19 14:58:14', '待出貨', '1', 1, 2, 280, '我的第一筆訂單', 1, 2, '大安路一段', '0919999999', 'eaag@gmail.com', 1, '2021-07-20', '2021-07-21', 1, 0),
('1626682006395', 199, '2021-07-19 16:06:46', '2021-07-19 16:06:46', '已預訂', '1', 3, 3, 4400, '我的第一筆訂單', NULL, NULL, '大安路一段', '0919999999', 'eaag@gmail.com', 3, '2021-07-22', '2021-07-24', 2, 0),
('1626688160026', 199, '2021-07-19 17:49:20', '2021-07-19 18:50:19', '已取消', '1', 3, 3, 11880, '我的第一筆訂單', NULL, NULL, '大安路一段', '0919999999', 'eaag@gmail.com', 3, '2021-07-22', '2021-07-24', 2, 0),
('1626691504152', 199, '2021-07-19 18:45:04', '2021-07-19 18:50:25', '已取消', '1', 1, 2, 13230, '我的第一筆訂單', 2, 3, '大安路一段', '0919999999', 'eaag@gmail.com', 1, '2021-07-20', '2021-07-21', 1, 0),
('1626700791972', 199, '2021-07-19 21:19:51', '2021-07-19 21:19:51', '已預訂', '1', 3, 1, 13860, '我的第一筆訂單', NULL, NULL, '大安路一段', '0919999999', 'eaag@gmail.com', 3, '2021-07-22', '2021-07-24', 2, 0),
('1626701926775', 199, '2021-07-19 21:38:46', '2021-07-19 21:38:46', '待出貨', '1', 1, 2, 27054, '我的第一筆訂單', 1, 2, '大安路一段', '0919999999', 'eaag@gmail.com', 1, '2021-07-20', '2021-07-21', 1, 0),
('1626706936559', 199, '2021-07-19 23:02:16', '2021-07-20 16:53:50', '已取消', '1', 1, 1, 18090, '我的第一筆訂單', 1, 3, '大安路一段', '0919999999', 'eaag@gmail.com', 1, '2021-07-20', '2021-07-21', 1, 0),
('1626750970699', 200, '2021-07-20 11:16:10', '2021-07-20 11:16:10', '待出貨', '1', 1, 2, 1000, '我的第一筆訂單', 2, 2, '大安路一段', '0919999999', 'eaag@gmail.com', 1, '2021-07-21', '2021-07-22', 1, 1),
('1626767512675', 202, '2021-07-20 15:51:52', '2021-07-20 15:52:33', '已取消', '1', 1, 1, 700, '我的第一筆訂單', 2, 3, '大安路一段', '0919999999', 'eaag@gmail.com', 1, '2021-07-21', '2021-07-22', 1, 1),
('1626767601627', 202, '2021-07-20 15:53:21', '2021-07-20 15:53:21', '已預訂', '1', 3, 3, 32400, '我的第一筆訂單', NULL, NULL, '大安路一段', '0919999999', 'eaag@gmail.com', 3, '2021-07-21', '2021-07-31', 10, 0),
('1626767848757', 202, '2021-07-20 15:57:28', '2021-07-20 15:57:28', '待出貨', '1', 1, 1, 1770, '我的第一筆訂單', 3, 6, '大安路一段', '0953967734', 'test@gmail.com', 1, '2021-07-21', '2021-07-22', 1, 0),
('1626768211890', 202, '2021-07-20 16:03:31', '2021-07-20 16:03:47', '已取消', '1', 1, 1, 5000, '我的第一筆訂單', 3, 3, '大安路一段', '0919999999', 'eaag@gmail.com', 1, '2021-07-21', '2021-07-22', 1, 0),
('1626768257798', 202, '2021-07-20 16:04:17', '2021-07-20 16:04:17', '已預訂', '1', 3, 3, 2700, '我的第一筆訂單', NULL, NULL, '大安路一段', '0919999999', 'eaag@gmail.com', 3, '2021-07-20', '2021-07-23', 3, 0),
('1626771148374', 192, '2021-07-20 16:52:28', '2021-07-20 16:55:51', '已取消', '1', 1, 1, 10080, '黃詩晴', 0, 0, '大安路一段', '0919999999', 'ddd@gmail', 1, '2021-07-21', '2021-07-22', 1, 1),
('1626786095543', 199, '2021-07-20 21:01:35', '2021-07-20 21:01:35', '已預訂', '1', 3, 3, 11880, '我的第一筆訂單', NULL, NULL, '大安路一段', '0919999999', 'eaag@gmail.com', 3, '2021-07-22', '2021-07-24', 2, 0),
('1626786255408', 199, '2021-07-20 21:04:15', '2021-07-20 21:04:15', '待出貨', '1', 1, 1, 2500, '我的第一筆訂單', 2, 2, '大安路一段', '0919999999', 'eaag@gmail.com', 1, '2021-07-21', '2021-07-22', 1, 0),
('1626850801326', 199, '2021-07-21 15:00:01', '2021-07-22 10:30:54', '線下訂單已完成', '1', 2, 1, 10000, '我的第一筆訂單', 1, 1, '大安路一段', '0919999999', 'eaag@gmail.com', 1, '2021-07-22', '2021-07-23', 1, 0),
('1626853488260', 199, '2021-07-21 15:44:48', '2021-07-21 15:45:27', '已取消', '1', 1, 1, 500, '我的第一筆訂單', 7, 2, '大安路一段', '0911111111', 'eagle20064@gmail.com', 1, '2021-07-22', '2021-07-23', 1, 0),
('1626853603348', 199, '2021-07-21 15:46:43', '2021-07-21 15:46:43', '已預訂', '1', 3, 3, 5400, '我的第一筆訂單', NULL, NULL, '大安路一段', '0919999999', 'eaag@gmail.com', 3, '2021-07-21', '2021-07-24', 3, 0),
('1626921626206', 199, '2021-07-22 10:40:26', '2021-07-22 10:40:26', '待出貨', '1', 1, NULL, 1900, '我的第一筆訂單', 0, 1, '大安路一段', '0919999999', 'eaag@gmail.com', 1, '2021-07-23', '2021-07-24', 1, 0),
('1626925489441', 199, '2021-07-22 11:44:49', '2021-07-22 11:44:49', '已預訂', '1', 3, NULL, 3300, '我的第一筆訂單', NULL, NULL, '大安路一段', '0919999999', 'eaag@gmail.com', 3, '2021-07-23', '2021-07-24', 1, 0),
('210706105215', 1, '2021-07-06 22:52:15', '2021-07-06 22:52:15', '1', '1', 1, 1, 1, '1', NULL, 0, '1', '1', '1', 3, NULL, NULL, NULL, NULL),
('210706105333', 1, '2021-07-06 22:53:33', '2021-07-06 22:53:33', '1', '1', 1, 1, 1, '1', NULL, 0, '1', '1', '1', 3, NULL, NULL, NULL, NULL);

-- --------------------------------------------------------

--
-- 資料表結構 `cartplace`
--

CREATE TABLE `cartplace` (
  `cpId` int(11) NOT NULL COMMENT '流水號',
  `cartOrderId` varchar(50) COLLATE utf8mb4_unicode_ci NOT NULL COMMENT '訂單編號',
  `cpAreaId` int(11) DEFAULT NULL COMMENT '營區編號',
  `cpArea` varchar(20) COLLATE utf8mb4_unicode_ci DEFAULT NULL COMMENT '營區區域',
  `cpQty` varchar(20) COLLATE utf8mb4_unicode_ci DEFAULT NULL COMMENT '帳數',
  `cpDay` datetime DEFAULT NULL COMMENT '日期',
  `orderclass` int(11) NOT NULL DEFAULT 3 COMMENT '訂單類別',
  `created_at` datetime NOT NULL DEFAULT current_timestamp() COMMENT '新增時間',
  `updated_at` datetime NOT NULL DEFAULT current_timestamp() ON UPDATE current_timestamp() COMMENT '更新時間',
  `cpPrice` varchar(50) COLLATE utf8mb4_unicode_ci DEFAULT NULL COMMENT '價格',
  `cpName` varchar(50) COLLATE utf8mb4_unicode_ci DEFAULT NULL COMMENT '營區名稱',
  `placeAreaPic` varchar(255) COLLATE utf8mb4_unicode_ci DEFAULT NULL COMMENT '商品圖'
) ENGINE=InnoDB DEFAULT CHARSET=utf8mb4 COLLATE=utf8mb4_unicode_ci;

--
-- 傾印資料表的資料 `cartplace`
--

INSERT INTO `cartplace` (`cpId`, `cartOrderId`, `cpAreaId`, `cpArea`, `cpQty`, `cpDay`, `orderclass`, `created_at`, `updated_at`, `cpPrice`, `cpName`, `placeAreaPic`) VALUES
(6, '210706102221', 123, '123', '123', NULL, 3, '2021-07-06 22:22:21', '2021-07-06 22:25:04', NULL, NULL, NULL),
(7, '210706104123', 123, '123', '123', NULL, 3, '2021-07-06 22:41:23', '2021-07-06 22:41:23', NULL, NULL, NULL),
(8, '210706104718', 123, '123', '123', NULL, 3, '2021-07-06 22:47:18', '2021-07-06 22:47:18', NULL, NULL, NULL),
(9, '210706104721', 123, '123', '123', NULL, 3, '2021-07-06 22:47:21', '2021-07-06 22:47:21', NULL, NULL, NULL),
(10, '210706104729', 123, '123', '123', NULL, 3, '2021-07-06 22:47:29', '2021-07-06 22:47:29', NULL, NULL, NULL),
(11, '210706104932', 123, '123', '123', NULL, 3, '2021-07-06 22:49:32', '2021-07-06 22:49:32', NULL, NULL, NULL),
(12, '210706105215', 1, '1', '1', NULL, 3, '2021-07-06 22:52:15', '2021-07-06 22:52:15', NULL, NULL, NULL),
(13, '210706105333', 11, '11', '11', NULL, 3, '2021-07-06 22:53:33', '2021-07-06 22:53:33', NULL, NULL, NULL),
(14, '1625666583878', 1, '3500', '1', NULL, 3, '2021-07-07 22:03:03', '2021-07-07 22:03:03', NULL, NULL, NULL),
(15, '1625666697043', 1, '3500', '1', NULL, 3, '2021-07-07 22:04:57', '2021-07-07 22:04:57', NULL, NULL, NULL),
(16, '1625667133831', 1, '3500', '3', NULL, 3, '2021-07-07 22:12:13', '2021-07-07 22:12:13', NULL, NULL, NULL),
(17, '1625668103352', 1, '3500', '2', NULL, 3, '2021-07-07 22:28:23', '2021-07-07 22:28:23', NULL, NULL, NULL),
(18, '1625668103352', 2, 'A區草地', '1', NULL, 3, '2021-07-07 22:28:23', '2021-07-19 00:10:06', NULL, NULL, NULL),
(19, '1626626629277', NULL, 'A區 草地', NULL, NULL, 3, '2021-07-19 00:43:49', '2021-07-19 00:43:49', NULL, '上雲端露營區', 'http://localhost:4000/img/01-1-1.jpg'),
(20, '1626626629277', NULL, 'B區 草地', NULL, NULL, 3, '2021-07-19 00:43:49', '2021-07-19 00:43:49', NULL, '上雲端露營區', 'http://localhost:4000/img/01-1-2.jpg'),
(21, '1626655180045', NULL, 'A區 草地', NULL, NULL, 3, '2021-07-19 08:39:40', '2021-07-19 08:39:40', '700', '上雲端露營區', 'http://localhost:4000/img/01-1-1.jpg'),
(22, '1626655180045', NULL, 'B區 草地', NULL, NULL, 3, '2021-07-19 08:39:40', '2021-07-19 08:39:40', '700', '上雲端露營區', 'http://localhost:4000/img/01-1-2.jpg'),
(23, '1626655344619', NULL, 'A區 草地', NULL, NULL, 3, '2021-07-19 08:42:24', '2021-07-19 08:42:24', '700', '上雲端露營區', 'http://localhost:4000/img/01-1-1.jpg'),
(24, '1626655344619', NULL, 'B區 草地', NULL, NULL, 3, '2021-07-19 08:42:24', '2021-07-19 08:42:24', '700', '上雲端露營區', 'http://localhost:4000/img/01-1-2.jpg'),
(25, '1626655538266', NULL, 'A區 草地', '2', NULL, 3, '2021-07-19 08:45:38', '2021-07-19 08:45:38', '700', '上雲端露營區', 'http://localhost:4000/img/01-1-1.jpg'),
(26, '1626655538266', NULL, 'B區 草地', '2', NULL, 3, '2021-07-19 08:45:38', '2021-07-19 08:45:38', '700', '上雲端露營區', 'http://localhost:4000/img/01-1-2.jpg'),
(27, '1626656114211', NULL, 'A區 草地', '2', NULL, 3, '2021-07-19 08:55:14', '2021-07-19 08:55:14', '700', '上雲端露營區', 'http://localhost:4000/img/01-1-1.jpg'),
(28, '1626656114211', NULL, 'B區 草地', '2', NULL, 3, '2021-07-19 08:55:14', '2021-07-19 08:55:14', '700', '上雲端露營區', 'http://localhost:4000/img/01-1-2.jpg'),
(29, '1626656338056', NULL, 'A區 草地', '2', NULL, 3, '2021-07-19 08:58:58', '2021-07-19 08:58:58', '700', '上雲端露營區', 'http://localhost:4000/img/01-1-1.jpg'),
(30, '1626656338056', NULL, 'B區 草地', '2', NULL, 3, '2021-07-19 08:58:58', '2021-07-19 08:58:58', '700', '上雲端露營區', 'http://localhost:4000/img/01-1-2.jpg'),
(31, '1626656401168', NULL, 'A區 草地', '2', NULL, 3, '2021-07-19 09:00:01', '2021-07-19 09:00:01', '700', '上雲端露營區', 'http://localhost:4000/img/01-1-1.jpg'),
(32, '1626656401168', NULL, 'B區 草地', '2', NULL, 3, '2021-07-19 09:00:01', '2021-07-19 09:00:01', '700', '上雲端露營區', 'http://localhost:4000/img/01-1-2.jpg'),
(33, '1626656469056', NULL, 'A區 草地', '2', NULL, 3, '2021-07-19 09:01:09', '2021-07-19 09:01:09', '700', '上雲端露營區', 'http://localhost:4000/img/01-1-1.jpg'),
(34, '1626656469056', NULL, 'B區 草地', '2', NULL, 3, '2021-07-19 09:01:09', '2021-07-19 09:01:09', '700', '上雲端露營區', 'http://localhost:4000/img/01-1-2.jpg'),
(35, '1626674524256', NULL, 'A區碎石草皮', '2', NULL, 3, '2021-07-19 14:02:04', '2021-07-19 14:02:04', '900', '斯揚莫那休閒莊園', 'http://localhost:4000/img/02-1-1.jpg'),
(36, '1626674524256', NULL, 'A區雨棚', '2', NULL, 3, '2021-07-19 14:02:04', '2021-07-19 14:02:04', '900', '斯揚莫那休閒莊園', 'http://localhost:4000/img/02-1-2.jpg'),
(37, '1626674524256', NULL, 'B區碎石草皮', '1', NULL, 3, '2021-07-19 14:02:04', '2021-07-19 14:02:04', '900', '斯揚莫那休閒莊園', 'http://localhost:4000/img/02-1-3.jpg'),
(38, '1626676238668', NULL, '草皮A區', '5', NULL, 3, '2021-07-19 14:30:38', '2021-07-19 14:30:38', '900', '松蘿園林露營區', 'http://localhost:4000/img/03-1-1.jpg'),
(39, '1626676238668', NULL, '草皮B區', '4', NULL, 3, '2021-07-19 14:30:38', '2021-07-19 14:30:38', '900', '松蘿園林露營區', 'http://localhost:4000/img/03-1-2.jpg'),
(40, '1626676727373', NULL, '草皮A區', '5', NULL, 3, '2021-07-19 14:38:47', '2021-07-19 14:38:47', '900', '松蘿園林露營區', 'http://localhost:4000/img/03-1-1.jpg'),
(41, '1626676727373', NULL, '草皮B區', '4', NULL, 3, '2021-07-19 14:38:47', '2021-07-19 14:38:47', '900', '松蘿園林露營區', 'http://localhost:4000/img/03-1-2.jpg'),
(42, '1626677430298', NULL, '草皮A區', '3', NULL, 3, '2021-07-19 14:50:30', '2021-07-19 14:50:30', '1000', '松蘿園林露營區', 'http://localhost:4000/img/03-1-1.jpg'),
(43, '1626677430298', NULL, '草皮B區', '3', NULL, 3, '2021-07-19 14:50:30', '2021-07-19 14:50:30', '1000', '松蘿園林露營區', 'http://localhost:4000/img/03-1-2.jpg'),
(44, '1626682006395', NULL, '草皮A區', '1', NULL, 3, '2021-07-19 16:06:46', '2021-07-19 16:06:46', '1100', '松蘿園林露營區', 'http://localhost:4000/img/03-1-1.jpg'),
(45, '1626682006395', NULL, '草皮B區', '1', NULL, 3, '2021-07-19 16:06:46', '2021-07-19 16:06:46', '1100', '松蘿園林露營區', 'http://localhost:4000/img/03-1-2.jpg'),
(46, '1626688160026', NULL, '草皮A區', '4', NULL, 3, '2021-07-19 17:49:20', '2021-07-19 17:49:20', '1100', '松蘿園林露營區', 'http://localhost:4000/img/03-1-1.jpg'),
(47, '1626688160026', NULL, '草皮B區', '2', NULL, 3, '2021-07-19 17:49:20', '2021-07-19 17:49:20', '1100', '松蘿園林露營區', 'http://localhost:4000/img/03-1-2.jpg'),
(48, '1626700791972', NULL, 'A區碎石草皮', '3', NULL, 3, '2021-07-19 21:19:51', '2021-07-19 21:19:51', '1100', '斯揚莫那休閒莊園', 'http://localhost:4000/img/02-1-1.jpg'),
(49, '1626700791972', NULL, 'A區雨棚', '2', NULL, 3, '2021-07-19 21:19:51', '2021-07-19 21:19:51', '1100', '斯揚莫那休閒莊園', 'http://localhost:4000/img/02-1-2.jpg'),
(50, '1626700791972', NULL, 'B區碎石草皮', '2', NULL, 3, '2021-07-19 21:19:51', '2021-07-19 21:19:51', '1100', '斯揚莫那休閒莊園', 'http://localhost:4000/img/02-1-3.jpg'),
(51, '1626767601627', NULL, 'A區碎石草皮', '0', NULL, 3, '2021-07-20 15:53:21', '2021-07-20 15:53:21', '900', '斯揚莫那休閒莊園', 'http://localhost:4000/img/02-1-1.jpg'),
(52, '1626767601627', NULL, 'A區雨棚', '3', NULL, 3, '2021-07-20 15:53:21', '2021-07-20 15:53:21', '900', '斯揚莫那休閒莊園', 'http://localhost:4000/img/02-1-2.jpg'),
(53, '1626767601627', NULL, 'B區碎石草皮', '1', NULL, 3, '2021-07-20 15:53:21', '2021-07-20 15:53:21', '900', '斯揚莫那休閒莊園', 'http://localhost:4000/img/02-1-3.jpg'),
(54, '1626768257798', NULL, '草皮A區', '0', NULL, 3, '2021-07-20 16:04:17', '2021-07-20 16:04:17', '900', '松蘿園林露營區', 'http://localhost:4000/img/03-1-1.jpg'),
(55, '1626768257798', NULL, '草皮B區', '1', NULL, 3, '2021-07-20 16:04:17', '2021-07-20 16:04:17', '900', '松蘿園林露營區', 'http://localhost:4000/img/03-1-2.jpg'),
(56, '1626786095543', NULL, 'A區碎石草皮', '2', NULL, 3, '2021-07-20 21:01:35', '2021-07-20 21:01:35', '1100', '斯揚莫那休閒莊園', 'http://localhost:4000/img/02-1-1.jpg'),
(57, '1626786095543', NULL, 'A區雨棚', '2', NULL, 3, '2021-07-20 21:01:35', '2021-07-20 21:01:35', '1100', '斯揚莫那休閒莊園', 'http://localhost:4000/img/02-1-2.jpg'),
(58, '1626786095543', NULL, 'B區碎石草皮', '2', NULL, 3, '2021-07-20 21:01:35', '2021-07-20 21:01:35', '1100', '斯揚莫那休閒莊園', 'http://localhost:4000/img/02-1-3.jpg'),
(59, '1626853603348', NULL, '草皮A區', '2', NULL, 3, '2021-07-21 15:46:43', '2021-07-21 15:46:43', '900', '松蘿園林露營區', 'http://localhost:4000/img/03-1-1.jpg'),
(60, '1626853603348', NULL, '草皮B區', '0', NULL, 3, '2021-07-21 15:46:43', '2021-07-21 15:46:43', '900', '松蘿園林露營區', 'http://localhost:4000/img/03-1-2.jpg'),
(61, '1626925489441', NULL, 'A區碎石草皮', '1', NULL, 3, '2021-07-22 11:44:49', '2021-07-22 11:44:49', '1100', '斯揚莫那休閒莊園', 'http://localhost:4000/img/02-1-1.jpg'),
(62, '1626925489441', NULL, 'A區雨棚', '1', NULL, 3, '2021-07-22 11:44:49', '2021-07-22 11:44:49', '1100', '斯揚莫那休閒莊園', 'http://localhost:4000/img/02-1-2.jpg'),
(63, '1626925489441', NULL, 'B區碎石草皮', '1', NULL, 3, '2021-07-22 11:44:49', '2021-07-22 11:44:49', '1100', '斯揚莫那休閒莊園', 'http://localhost:4000/img/02-1-3.jpg');

--
-- 已傾印資料表的索引
--

--
-- 資料表索引 `carpay`
--
ALTER TABLE `carpay`
  ADD PRIMARY KEY (`cartPayId`);

--
-- 資料表索引 `cartitem`
--
ALTER TABLE `cartitem`
  ADD PRIMARY KEY (`cartId`);

--
-- 資料表索引 `cartlogistics`
--
ALTER TABLE `cartlogistics`
  ADD PRIMARY KEY (`cartId`);

--
-- 資料表索引 `cartorder`
--
ALTER TABLE `cartorder`
  ADD PRIMARY KEY (`cartOrderId`);

--
-- 資料表索引 `cartplace`
--
ALTER TABLE `cartplace`
  ADD PRIMARY KEY (`cpId`);

--
-- 在傾印的資料表使用自動遞增(AUTO_INCREMENT)
--

--
-- 使用資料表自動遞增(AUTO_INCREMENT) `carpay`
--
ALTER TABLE `carpay`
  MODIFY `cartPayId` int(11) NOT NULL AUTO_INCREMENT COMMENT '金流代碼', AUTO_INCREMENT=5;

--
-- 使用資料表自動遞增(AUTO_INCREMENT) `cartitem`
--
ALTER TABLE `cartitem`
  MODIFY `cartId` int(11) NOT NULL AUTO_INCREMENT COMMENT '流水號', AUTO_INCREMENT=254;

--
-- 使用資料表自動遞增(AUTO_INCREMENT) `cartlogistics`
--
ALTER TABLE `cartlogistics`
  MODIFY `cartId` int(11) NOT NULL AUTO_INCREMENT COMMENT '流水號', AUTO_INCREMENT=4;

--
-- 使用資料表自動遞增(AUTO_INCREMENT) `cartplace`
--
ALTER TABLE `cartplace`
  MODIFY `cpId` int(11) NOT NULL AUTO_INCREMENT COMMENT '流水號', AUTO_INCREMENT=64;
COMMIT;

/*!40101 SET CHARACTER_SET_CLIENT=@OLD_CHARACTER_SET_CLIENT */;
/*!40101 SET CHARACTER_SET_RESULTS=@OLD_CHARACTER_SET_RESULTS */;
/*!40101 SET COLLATION_CONNECTION=@OLD_COLLATION_CONNECTION */;
