-- phpMyAdmin SQL Dump
-- version 5.1.0
-- https://www.phpmyadmin.net/
--
-- 主機： 127.0.0.1
-- 產生時間： 2021-07-22 13:28:20
-- 伺服器版本： 10.4.18-MariaDB
-- PHP 版本： 8.0.3

SET SQL_MODE = "NO_AUTO_VALUE_ON_ZERO";
START TRANSACTION;
SET time_zone = "+00:00";


/*!40101 SET @OLD_CHARACTER_SET_CLIENT=@@CHARACTER_SET_CLIENT */;
/*!40101 SET @OLD_CHARACTER_SET_RESULTS=@@CHARACTER_SET_RESULTS */;
/*!40101 SET @OLD_COLLATION_CONNECTION=@@COLLATION_CONNECTION */;
/*!40101 SET NAMES utf8mb4 */;

--
-- 資料庫： `campfun`
--

-- --------------------------------------------------------

--
-- 資料表結構 `placeinfo`
--

CREATE TABLE `placeinfo` (
  `placeId` int(11) NOT NULL COMMENT '流水號',
  `placeName` varchar(20) COLLATE utf8mb4_unicode_ci NOT NULL COMMENT '營區名稱',
  `placeLoc` varchar(20) COLLATE utf8mb4_unicode_ci NOT NULL COMMENT '營區位置',
  `placeDesc` varchar(100) COLLATE utf8mb4_unicode_ci NOT NULL COMMENT '營區簡介',
  `placeRating` int(11) DEFAULT 0 COMMENT '營區評價',
  `placeViewImg` varchar(100) COLLATE utf8mb4_unicode_ci NOT NULL COMMENT '營區大圖',
  `created_at` datetime NOT NULL DEFAULT current_timestamp() ON UPDATE current_timestamp() COMMENT '新增時間',
  `updated_at` datetime NOT NULL DEFAULT current_timestamp() ON UPDATE current_timestamp() COMMENT '更新時間'
) ENGINE=InnoDB DEFAULT CHARSET=utf8mb4 COLLATE=utf8mb4_unicode_ci;

--
-- 傾印資料表的資料 `placeinfo`
--

INSERT INTO `placeinfo` (`placeId`, `placeName`, `placeLoc`, `placeDesc`, `placeRating`, `placeViewImg`, `created_at`, `updated_at`) VALUES
(1, '上雲端露營區', '苗栗縣頭屋鄉', '鄰近明德水庫、日新島、薰衣草森林、雅聞玫瑰森林', 5, '01.jpg', '2021-07-21 15:37:59', '2021-07-21 15:37:59'),
(2, '斯揚莫那休閒莊園', '宜蘭縣大同鄉', '留茂安和四季部落之間，面對雪山脈，背靠加羅湖群', 3, '02.jpg', '2021-07-21 15:38:30', '2021-07-21 15:38:30'),
(3, '松蘿園林露營區', '宜蘭縣大同鄉', '制高點賞大景營地，觀看龜山島日出及太平山日落，絕美景色', 4, '03.jpg', '2021-07-21 15:39:03', '2021-07-21 15:39:03'),
(4, '天際線茶園營地', '宜蘭縣大同鄉', '座擁群峯、山巒疊翠，夜景、朝日、茶園景緻，皆極具特色', 5, '04.jpg', '2021-07-15 21:41:27', '2021-07-15 21:41:27'),
(5, '東和露營區', '苗栗縣大湖鄉', '山嵐飄渺，壯麗的雲海景色，享受遼闊視野大景相伴的時光', 2, '05.jpg', '2021-07-21 15:39:23', '2021-07-21 15:39:23'),
(6, '五福山莊', '苗栗縣三義鄉', '關刀山下的自然保育林區，百年客家聚落', 2, '06.jpg', '2021-07-21 15:42:04', '2021-07-21 15:42:04'),
(7, '關刀山景庭露營區', '苗栗縣三義鄉', '遼闊山景加乘，三義夜景，大草皮超視角營區', 4, '07.jpg', '2021-07-21 15:42:17', '2021-07-21 15:42:17'),
(8, '瑪崙菓園親子露營區', '宜蘭縣大同鄉', '喚醒露營人的開闊露營魂，宜蘭一處親子探險的私房秘境', 1, '08.jpg', '2021-07-21 15:42:33', '2021-07-21 15:42:33'),
(9, '一畝田露營區', '苗栗縣南庄鄉', '豪華露營日加乘，多樣玩樂設施，讓你輕鬆圓一個親子露營的夢想天地\r\n緊鄰蓬萊溪賞魚步道，到南庄老街也只要 15 分鐘。', 5, '09.jpg', '2021-07-22 13:09:23', '2021-07-22 13:09:23'),
(10, '南山傳奇', '苗栗縣南庄鄉', '增設5帳「南非狩獵帳」，提供最豪華的舒適裝備\r\n在海拔 900 公尺體驗無敵美景，完美實現提著行李箱就可以來露營的夢想。', 5, '10.jpg', '2021-07-22 13:11:02', '2021-07-22 13:11:02'),
(11, '藍天嶺露營區', '苗栗縣泰安鄉', '位於苗栗泰安大興村烏嘎彥山頂，海拔1020公尺\r\n鄰近烏嘎彥、布耶特，擁有得天獨厚的地理位置\r\n可飽覽苗栗東瓜山、冬洗水山等壯麗山景，享受千變萬化的雲海景觀甚或身處雲海之中!', 5, '11.jpg', '2021-07-22 11:52:08', '2021-07-22 11:52:08'),
(12, '福人居露營區', '苗栗縣大湖鄉', '位於苗栗大湖，依山傍水四季美景，夜晚點點星空、流星雨\r\n春天杏花雲海，夏天螢火蟲野溪戲水，秋天賞楓，冬天賞櫻\r\n感受大湖純樸的客家風情，臨近雪霸國家公園。', 4, '12.jpg', '2021-07-22 13:10:53', '2021-07-22 13:10:53'),
(13, '馬嘟溪露營基地', '苗栗縣泰安鄉', '優美的群山環繞，感受大自然給予的放鬆愜意。\r\n享受大自然給您的心曠神怡～期待您的到訪', 3, '13.jpg', '2021-07-22 13:09:53', '2021-07-22 13:09:53'),
(14, '吉娃斯景觀咖啡露營區', '台中市和平區', '小帳數分區營位，露營不受打擾，適合親子三五好友聚會\r\n沙坑、溜滑梯、射靶、親子遊樂滿滿，花季賞花海\r\n一起來吉娃斯露營喝咖啡，交流生活的點點滴滴。', 4, '14.jpg', '2021-07-22 13:10:46', '2021-07-22 13:10:46'),
(15, '梅林親水岸露營區', '台中市新社區', '位於台中新社，沐浴梅花林中，體驗豐富生態。\r\n溪流旁露營區，還有超豪華戲水SPA池，夏日清涼消暑首推\r\n有住宿、餐廳、多元營位類型，適合三代同堂親子家庭。', 4, '15.jpg', '2021-07-22 13:10:38', '2021-07-22 13:10:38'),
(16, '雅谷露營區', '台中市和平區', '位於台中和平區松鶴部落裡，營地分三區，皆為全草地營位。\r\n風景優美，空氣清新，猶如世外桃源，緊鄰大甲溪，擁有最佳景觀。\r\n可俯瞰松鶴橋，四周群山圍繞，盡賞層疊山巒美景，令人心曠神怡。', 3, '16.jpg', '2021-07-21 21:35:46', '2021-07-21 21:35:46'),
(17, '玉峰遇見嵨繞', '新竹縣尖石鄉', '堅持著手作的溫度，希望來露友能真正體會露營，夜晚跟著家人朋友一起數星星，有漂亮的蝴蝶及螢火蟲來飛舞', 5, '17.jpg', '2021-07-22 12:58:01', '2021-07-22 12:58:01'),
(18, '高台山露營區', '新竹縣尖石鄉', '與平地溫差約7度，可飽覽無限雲海、雲瀑、夕陽、夜景、日出，\r\n冬季則有機會遇上美麗的雪景。營地周圍有必前往的休閒步道與森林秘境，高台山露營區用無限大景來歡迎您的到訪！', 4, '18.jpg', '2021-07-22 12:57:45', '2021-07-22 12:57:45'),
(19, '晴空森林露營區', '新竹縣尖石鄉', '晴空森林讓您體驗自然的露營生活~親子手作DIY，營主帶你親手製作藤圈籐球，竹子音箱，森林毬果採集，共創親子美好回憶。', 3, '19.jpg', '2021-07-22 13:10:13', '2021-07-22 13:10:13'),
(20, '岩仔腳露營區', '嘉義縣番路鄉', '增設10帳「南非狩獵帳」，提供最豪華的舒適裝備\r\n擁有陶醉花景及滿天星空的寧靜園地，完美實現提著行李箱就可以來露營的夢想', 4, '20.jpg', '2021-07-22 11:54:59', '2021-07-22 11:54:59'),
(21, '星知心露營區', '嘉義縣番路鄉', '全台唯一結合虎頭蘭的花園營地，位於嘉130縣道4.3公里處，為一山谷地型，可遠眺嘉義市區\r\n無遮蔽的視野。', 3, '21.jpg', '2021-07-22 13:10:22', '2021-07-22 13:10:22'),
(22, '草地狀元露營區', '嘉義縣番路鄉', '位於嘉義番路海拔800公尺，這裡有小百岳大湖尖山、鳳凰瀑布及可賞夜景的三寶山私房景點。\r\n歡迎蒞臨參觀綠豆篁製程體驗及閩南三合院，結合現代與古代的巧妙建築。', 4, '22.jpg', '2021-07-22 13:10:26', '2021-07-22 13:10:26'),
(23, '木村的家露營區', '桃園市復興區', '可鳥瞰三個村落，晴天賞晚霞，雨天賞雲海，拉拉山又名達觀自然保護區，區內環境景觀優美，動植物種類豐富多元，更有多株樹林高達500至3000年不等的檜木巨木群，很適合作為出外郊遊踏青的好去處。', 5, '23.jpg', '2021-07-22 12:49:33', '2021-07-22 12:49:33'),
(24, '雅比斯露營區', '桃園市復興區', '絕佳的自然景觀和豐富的生態環境，提供旅人一處得以深入山林，吸收芬多精的靜謐寶地\r\n來到這裡，旅人們可沿著營區內的森林步道散步，遠眺綠意～', 4, '24.jpg', '2021-07-22 12:51:30', '2021-07-22 12:51:30'),
(25, '基拉耳民宿露營', '桃園市復興區', '海拔約360公尺，週邊有台灣最長的天梯-溪口新吊橋、角板山公園、小烏來天空步道、羅浮雙橋、羅浮溫泉、三民老教堂、東眼山森林公園、桃源仙谷等，歡迎全家蒞園露營。', 5, '25.jpg', '2021-07-22 00:31:32', '2021-07-22 00:31:32'),
(26, '何方神聖慢活營', '新北市烏來區', '何方神聖慢活營，位於新北市烏來區，緊鄰水質清澈的大羅蘭溪，保留原始自然環境，提供多元泰雅文化巡禮，專業獵人步道導覽周邊旅遊景點。', 5, '26.jpg', '2021-07-22 13:11:23', '2021-07-22 13:11:23'),
(27, '馬塔大文化露營區', '新北市烏來區', '原本是泰雅族獵人給孩子們遊憩的天堂及家人的聚會所，\r\n一同享受呼吸這山間裡的美好~馬塔大文化露營區，歡迎您的到訪!', 3, '27.jpg', '2021-07-22 11:57:55', '2021-07-22 11:57:55'),
(28, '確幸莊園', '新北市新店區', '位於新北市新店區的「確幸莊園」，\r\n為台北市近郊的露營區，前身為婚紗拍攝地。\r\n車程近、營區寬敞、景色優質，非常適合愛拍照又愛戶外露營的露友喔！', 5, '28.jpg', '2021-07-22 11:59:57', '2021-07-22 11:59:57'),
(29, '悠悠林休閒露營屋', '南投縣集集鎮', '位於南投集集，營位型態豐富，活動多樣化的休閒營區', 4, '29.jpg', '2021-07-22 12:00:28', '2021-07-22 12:00:28'),
(30, '牛母坪露營區', '南投縣竹山鎮', '無光害星空營地，享受日出與日落的感動，夜晚無光害的星光熠熠～\r\n沉浸在芬多精世界，與大自然一起呼吸，還有那令人驚豔的雲海翻滾！\r\n感受最原始的自然景緻，與茶園層疊風光，牛母坪期待您的到訪。', 4, '30.jpg', '2021-07-22 13:11:37', '2021-07-22 13:11:37'),
(31, '築露中原露營區', '南投縣仁愛鄉', '位於仁愛中原部落，黃肉溪旁新營區，山巒環繞自然祕境\r\n野溪戲水釣溪蝦、營區釣魚池、沙坑、豐富天然生態，適合親子戶外活動\r\n週邊熱門旅遊景點:泰雅渡假村、惠蓀林場。', 5, '31.jpg', '2021-07-22 13:11:47', '2021-07-22 13:11:47');

-- --------------------------------------------------------

--
-- 資料表結構 `placeinfodesc`
--

CREATE TABLE `placeinfodesc` (
  `placeDescId` int(11) NOT NULL COMMENT '營區編號',
  `altitude` varchar(20) COLLATE utf8mb4_unicode_ci DEFAULT NULL COMMENT '海拔',
  `feature` varchar(100) COLLATE utf8mb4_unicode_ci DEFAULT NULL COMMENT '營區特色',
  `bathroom` varchar(50) COLLATE utf8mb4_unicode_ci DEFAULT NULL COMMENT '衛浴配置',
  `wlComm` varchar(50) COLLATE utf8mb4_unicode_ci DEFAULT NULL COMMENT '無線通訊',
  `pet` varchar(50) COLLATE utf8mb4_unicode_ci DEFAULT NULL COMMENT '攜帶寵物',
  `equipment` varchar(50) COLLATE utf8mb4_unicode_ci DEFAULT NULL COMMENT '附屬設施',
  `service` varchar(50) COLLATE utf8mb4_unicode_ci DEFAULT NULL COMMENT '附屬服務',
  `parking` varchar(50) COLLATE utf8mb4_unicode_ci DEFAULT NULL COMMENT '停車方式',
  `created_at` datetime NOT NULL DEFAULT current_timestamp() ON UPDATE current_timestamp() COMMENT '新增時間',
  `updated_at` datetime NOT NULL DEFAULT current_timestamp() ON UPDATE current_timestamp() COMMENT '更新時間'
) ENGINE=InnoDB DEFAULT CHARSET=utf8mb4 COLLATE=utf8mb4_unicode_ci;

--
-- 傾印資料表的資料 `placeinfodesc`
--

INSERT INTO `placeinfodesc` (`placeDescId`, `altitude`, `feature`, `bathroom`, `wlComm`, `pet`, `equipment`, `service`, `parking`, `created_at`, `updated_at`) VALUES
(1, '300m以下', '團露大草皮、釣魚 可停露營車、有遊戲設施', '分區浴廁', '中華電信、遠傳、台哥大', '可攜帶寵物，需注意清潔', '溪邊/水庫釣魚、玩沙池、生態池、販賣部', '四季採果、週邊賞螢', '可下裝備後，集中停車', '2021-07-22 12:16:27', '2021-07-22 12:16:27'),
(2, '501-800m', '有雨棚、可停露營車 、有遊戲設施、旅遊景點、近溪流', '親子衛浴、分區浴廁', '中華電信、遠傳、台哥大、台灣之星', '可攜帶寵物，需注意清潔，需加鍊綁著，帳內/室內禁止寵物', '戲水池、玩沙池、季節賞花', 'DIY活動', '車停營位旁', '2021-07-22 12:09:56', '2021-07-22 12:09:56'),
(3, '501-800m', '團露大草皮、有遊戲設施、有雲海、有夜景', '分區浴廁', '中華電信、遠傳、台哥大、亞太、台灣之星', '可攜帶寵物，需注意清潔', '戲水池、玩沙池、滑草區', NULL, '車停營位旁', '2021-07-21 16:07:14', '2021-07-21 16:07:14'),
(4, '301-500m', '有雨棚、可停露營車、有夜景', '分區浴廁', '中華電信、遠傳、台哥大', '可攜帶寵物，需注意清潔', '戲水池、鞦韆', '食材代訂', '車停營位旁', '2021-07-22 12:20:38', '2021-07-22 12:20:38'),
(5, '501-800m', '團露大草皮、免裝備露營、有遊戲設施、有雲海', '集中浴廁', '中華電信、台哥大', '可攜帶寵物，需注意清潔', '玩沙池、護草墊、彈跳床', '週邊賞螢、週邊採草莓', '車停營位旁', '2021-07-22 12:05:43', '2021-07-22 12:05:43'),
(6, '301-500m', '免裝備露營、近溪流', '集中浴廁', '中華電信', '可攜帶寵物，需注意清潔', '烤肉區、季節賞花', '生態導覽、四季採果、甜柿季、營區賞螢、食材代訂、季節農特產', '集中停車，車輛禁止上草皮', '2021-07-21 16:10:16', '2021-07-21 16:10:16'),
(7, '801-1000m', '免裝備露營、可停露營車、旅遊景點', '分區浴廁', '中華電信', '不可攜帶寵物', '玩沙池', '四季採果、週邊賞螢、營區賞螢、食材代訂', '集中停車，車輛禁止上草皮', '2021-07-21 16:10:28', '2021-07-21 16:10:28'),
(8, '301-500m', '團露大草皮、可停露營車、有遊戲設施', '親子衛浴、集中浴廁', '中華電信、遠傳、台哥大', '可攜帶寵物，需注意清潔，需要事先告知營主', '戲水池、玩沙池、護草墊、溜滑梯、鞦韆', '部落導覽', '車停營位旁，集中停車', '2021-07-22 12:10:09', '2021-07-22 12:10:09'),
(9, '301-500m', '團露大草皮，免裝備露營，有遊戲設施，旅遊景點', '分區浴廁', '中華電信、遠傳、台哥大、亞太、台灣之星', '不可攜帶寵物', '戲水池、玩沙池、鞦韆', 'DIY活動、週邊賞螢、小動物區', '集中停車，車輛禁止上草皮', '2021-07-21 19:17:17', '2021-07-21 19:17:17'),
(10, '801-1000m', '團露大草皮、免裝備露營、裝備出租、有雲海、有夜景', '親子衛浴、分區浴廁', '中華電信、台哥大', '不可攜帶寵物', '生態池、季節賞花', '週邊賞螢、食材代訂', '集中停車，車輛禁止上草皮', '2021-07-22 12:20:42', '2021-07-22 12:20:42'),
(11, '1001-1500m', '團露大草皮、旅遊景點、有雲海', '分區浴廁', '中華電信、遠傳', '可攜帶寵物，需注意清潔', NULL, '營區賞螢', '車停營位旁', '2021-07-22 12:10:15', '2021-07-22 12:10:15'),
(12, '501-800m', '免裝備露營、可停露營車、有雲海', '分區浴廁', '中華電信、遠傳、台哥大', '可攜帶寵物，需注意清潔', '玩沙池、季節賞花', '四季採果、採草莓', '車停營位旁，集中停車', '2021-07-22 12:22:43', '2021-07-22 12:22:43'),
(13, '301-500m', '免裝備露營、有雨棚、裝備出租、可停露營車、近溪流', '分區浴廁', '中華電信、遠傳、台哥大、亞太', '可攜帶寵物，需注意清潔', '溪邊/水庫釣魚、裝備出租、護草墊', '週邊賞螢、營區賞螢、食材代訂', '車停營位旁，集中停車', '2021-07-22 12:22:47', '2021-07-22 12:22:47'),
(14, '501-800m', '免裝備露營、有遊戲設施、有夜景、近溪流', '集中浴廁', '中華電信、遠傳', '可攜帶寵物，需注意清潔', '溪邊/水庫釣魚、戲水池、玩沙池、射箭、販賣部、護草墊', '生態導覽、部落導覽、四季採果、甜柿季、週邊賞螢', '車停營位旁，集中停車', '2021-07-22 12:22:51', '2021-07-22 12:22:51'),
(15, '301-500m', '免裝備露營、有雨棚、可停露營車、有遊戲設施、旅遊景點、近溪流', '分區浴廁', '中華電信、台哥大', '可攜帶寵物，需注意清潔', '戲水池、玩沙池、生態池、溜滑梯、鞦韆', '四季採果、食材代訂', '可下裝備後，集中停車', '2021-07-22 12:21:09', '2021-07-22 12:21:09'),
(16, '501-800m', '團露大草皮、有遊戲設施、近溪流', '集中浴廁', '中華電信、遠傳', '可攜帶寵物，需注意清潔', '溪邊/水庫釣魚、戲水池、玩沙池、開心農場', '生態導覽、DIY活動、營區賞螢', '集中停車', '2021-07-22 12:21:14', '2021-07-22 12:21:14'),
(17, '1001-1500m', '免裝備露營、旅遊景點、有雲海', '集中浴廁', '中華電信、遠傳、台哥大', '可攜帶寵物，需注意清潔', '販賣部', '水蜜桃季、週邊賞螢、食材代訂、季節農特產', '車停營位旁', '2021-07-22 12:21:23', '2021-07-22 12:21:23'),
(18, '1001-1500m', '免裝備露營、有遊戲設施、有雲海、有夜景', '分區浴廁', '中華電信、台灣之星', '可攜帶寵物，需注意清潔', '戲水池、季節賞花', NULL, '車停營位旁', '2021-07-22 12:14:57', '2021-07-22 12:14:57'),
(19, '801-1000m', '可停露營車、有遊戲設施、旅遊景點、有雲海', '集中浴廁', '中華電信、遠傳、台哥大', '可攜帶寵物，需注意清潔', '玩沙池、射箭、季節賞花', '生態導覽、DIY活動、營區賞螢、季節農特產', '車停營位旁，可下裝備後，集中停車', '2021-07-22 12:22:59', '2021-07-22 12:22:59'),
(20, '300m以下', '團露大草皮、免裝備露營、釣魚、有遊戲設施、近溪流', '分區浴廁', '中華電信、遠傳、台哥大', '不可攜帶寵物', '溪邊/水庫釣魚、戲水池、玩沙池、生態池、季節賞花', '食材代訂、小動物區', '集中停車', '2021-07-22 12:21:36', '2021-07-22 12:21:36'),
(21, '801-1000m', '免裝備露營、有雲海、有夜景', '分區浴廁', '中華電信、遠傳、台哥大、亞太', '可攜帶寵物，需注意清潔', '季節賞花', '生態導覽、DIY活動、週邊賞螢', '車停營位旁，可下裝備後，集中停車', '2021-07-22 12:23:05', '2021-07-22 12:23:05'),
(22, '501-800m', '免裝備露營、有雨棚、釣魚、有遊戲設施', '集中浴廁', '中華電信、遠傳、台哥大', '可攜帶寵物，需注意清潔', '釣魚池、戲水池、玩沙池、販賣部、護草墊', '季節農特產', '集中停車，可下裝備後，集中停車', '2021-07-22 12:23:10', '2021-07-22 12:23:10'),
(23, '1001-1500m', '有雨棚、可停露營車、旅遊景點、有雲海、有夜景、近溪流', '分區浴廁', '中華電信、遠傳、台哥大、亞太、台灣之星', '可攜帶寵物，需注意清潔', '玩沙池、開心農場、烤肉區、季節賞花', '四季採果、DIY活動、甜柿季、水蜜桃季、季節農特產', '車停營位旁', '2021-07-22 12:21:52', '2021-07-22 12:21:52'),
(24, '1001-1500m', '有雨棚、旅遊景點、有雲海', '集中浴廁', '中華電信', '可攜帶寵物，需注意清潔', '季節賞花', '四季採果、DIY活動、水蜜桃季、食材代訂、季節農特產', '車停營位旁，可下裝備後，集中停車', '2021-07-22 12:23:15', '2021-07-22 12:23:15'),
(25, '301-500m', '免裝備露營、有雨棚、旅遊景點、近溪流', '集中浴廁', '中華電信、遠傳、台哥大、亞太、台灣之星', '可攜帶寵物，需注意清潔', '戲水池、生態池', NULL, '車停營位旁，可下裝備後，集中停車', '2021-07-22 12:23:20', '2021-07-22 12:23:20'),
(26, '301-500m', '近溪流', '集中浴廁', '中華電信、遠傳、台哥大、台灣之星', '可攜帶寵物，需注意清潔', '溪邊/水庫釣魚、烤肉區', 'DIY活動、週邊賞螢', '可下裝備後，集中停車', '2021-07-22 12:22:12', '2021-07-22 12:22:12'),
(27, '501-800m', '免裝備露營、有雨棚、近溪流', '集中浴廁', '中華電信', '可攜帶寵物，需注意清潔', '護草墊', '小動物區', '可下裝備後，集中停車', '2021-07-22 12:12:53', '2021-07-22 12:12:53'),
(28, '300m以下', '有雨棚、旅遊景點、近溪流', '集中浴廁', '中華電信、遠傳、台哥大、亞太', '不可攜帶寵物', '生態池、鞦韆', '營區賞螢', '車停營位旁，集中停車', '2021-07-22 12:23:31', '2021-07-22 12:23:31'),
(29, '301-500m', '團露大草皮、免裝備露營、可停露營車、旅遊景點、有雲海', '集中浴廁', '中華電信、遠傳、台哥大、亞太、台灣之星', '可攜帶寵物，需注意清潔', '戲水池、開心農場、季節賞花', '四季採果、食材代訂', '可下裝備後，集中停車', '2021-07-22 12:23:55', '2021-07-22 12:23:55'),
(30, '300m以下', '有雨棚、可停露營車、有雲海', '分區浴廁', '中華電信、遠傳、台哥大、亞太', '可攜帶寵物，需注意清潔', '玩沙池、季節賞花', NULL, '可下裝備後，集中停車', '2021-07-22 12:17:58', '2021-07-22 12:17:58'),
(31, '501-800m', '團露大草皮、釣魚、有遊戲設施、近溪流', '集中浴廁', '中華電信、遠傳、台哥大、亞太', '可攜帶寵物，需注意清潔', '溪邊/水庫釣魚、釣魚池、戲水池、玩沙池、生態池、季節賞花', '週邊賞螢', '可下裝備後，集中停車', '2021-07-22 12:24:02', '2021-07-22 12:24:02');

-- --------------------------------------------------------

--
-- 資料表結構 `placeprice`
--

CREATE TABLE `placeprice` (
  `areaId` int(11) NOT NULL COMMENT '營區區域編號',
  `placeId` int(11) NOT NULL COMMENT '營區編號',
  `placeSImg` varchar(100) COLLATE utf8mb4_unicode_ci DEFAULT NULL COMMENT '營區配置圖',
  `placeAImg` varchar(100) COLLATE utf8mb4_unicode_ci DEFAULT NULL COMMENT '營區區域小圖',
  `placeArea` varchar(20) COLLATE utf8mb4_unicode_ci NOT NULL COMMENT '營區區域',
  `placeType` varchar(20) COLLATE utf8mb4_unicode_ci NOT NULL COMMENT '場地型態',
  `placeSize` varchar(20) COLLATE utf8mb4_unicode_ci NOT NULL COMMENT '場地尺寸',
  `tentQty` tinyint(3) NOT NULL COMMENT '場地帳數',
  `weekdaysPrice` int(11) NOT NULL COMMENT '平日價格',
  `holidayPrice` int(11) NOT NULL COMMENT '假日價格',
  `continuousPrice` int(11) NOT NULL COMMENT '連續天數價格',
  `created_at` datetime NOT NULL DEFAULT current_timestamp() ON UPDATE current_timestamp() COMMENT '新增時間',
  `updated_at` datetime NOT NULL DEFAULT current_timestamp() ON UPDATE current_timestamp() COMMENT '更新時間'
) ENGINE=InnoDB DEFAULT CHARSET=utf8mb4 COLLATE=utf8mb4_unicode_ci;

--
-- 傾印資料表的資料 `placeprice`
--

INSERT INTO `placeprice` (`areaId`, `placeId`, `placeSImg`, `placeAImg`, `placeArea`, `placeType`, `placeSize`, `tentQty`, `weekdaysPrice`, `holidayPrice`, `continuousPrice`, `created_at`, `updated_at`) VALUES
(1, 1, '01-2-1.jpg', '01-1-1.jpg', 'A區', '碎石草地', '6M*8M', 24, 800, 1000, 700, '2021-07-21 16:11:30', '2021-07-21 16:11:30'),
(2, 1, NULL, '01-1-2.jpg', 'B區', '碎石草地', '6M*8M', 10, 800, 1000, 700, '2021-07-21 16:11:35', '2021-07-21 16:11:35'),
(3, 2, '02-2-1.jpg', '02-1-1.jpg', 'A區', '碎石草皮', '8M*8M', 6, 1000, 1100, 900, '2021-07-21 16:11:50', '2021-07-21 16:11:50'),
(4, 2, NULL, '02-1-2.jpg', 'A區雨棚', '碎石雨棚', '4M*6M', 9, 1200, 1400, 1100, '2021-07-15 01:04:01', '2021-07-15 01:04:01'),
(5, 2, NULL, '02-1-3.jpg', 'B區', '碎石草皮', '5M*7M', 8, 900, 1000, 800, '2021-07-21 16:11:57', '2021-07-21 16:11:57'),
(6, 3, '03-2-1.jpg', '03-1-1.jpg', 'A區', '碎石草地', '6M*8M', 6, 1000, 1100, 900, '2021-07-21 16:12:01', '2021-07-21 16:12:01'),
(7, 3, NULL, '03-1-2.jpg', 'B區', '碎石草地', '5.5M*8M', 9, 1000, 1100, 900, '2021-07-21 16:12:04', '2021-07-21 16:12:04'),
(8, 4, '04-2-1.jpg', '04-1-1.jpg', 'A區', '碎石', '8M*18M', 4, 900, 1000, 800, '2021-07-15 01:36:02', '2021-07-15 01:36:02'),
(9, 4, NULL, '04-1-2.jpg', 'B區', '碎石', '5M*8M', 6, 900, 1000, 800, '2021-07-15 01:35:42', '2021-07-15 01:35:42'),
(10, 5, '05-2-1.jpg', '05-1-1.jpg', 'A區', '草皮', '5M*8M', 12, 1000, 1100, 900, '2021-07-15 01:39:24', '2021-07-15 01:39:24'),
(11, 5, NULL, '05-1-2.jpg', 'B區', '草皮', '5M*7M', 13, 1000, 1100, 900, '2021-07-15 01:40:29', '2021-07-15 01:40:29'),
(12, 6, '06-2-1.jpg', '06-1-1.jpg', 'A區', '草皮', '5M*8M', 3, 900, 1000, 800, '2021-07-15 01:43:40', '2021-07-15 01:43:40'),
(13, 6, NULL, '06-1-2.jpg', 'B區', '草皮', '5M*6M', 5, 900, 1000, 800, '2021-07-15 01:44:33', '2021-07-15 01:44:33'),
(14, 7, '07-2-1.jpg', '07-1-1.jpg', 'A區', '草地', '5M*8M', 10, 1000, 1100, 800, '2021-07-22 12:29:10', '2021-07-22 12:29:10'),
(15, 7, NULL, '07-1-2.jpg', 'B區棧板', '木棧板', '3.6M*3.6M', 5, 1000, 1100, 800, '2021-07-22 12:29:14', '2021-07-22 12:29:14'),
(16, 8, '08-2-1.jpg', '08-1-1.jpg', 'A區', '碎石草皮', '6M*12M', 15, 1200, 1300, 1000, '2021-07-22 12:29:17', '2021-07-22 12:29:17'),
(17, 8, NULL, '08-1-2.jpg', 'B區', '碎石草皮', '5.3M*15M', 12, 1200, 1300, 1000, '2021-07-22 12:29:20', '2021-07-22 12:29:20'),
(18, 9, '09-2-1.jpg', '09-1-1.jpg', 'C2區蓮花帳', '固定式帳篷', '', 2, 2800, 4800, 2000, '2021-07-21 20:17:11', '2021-07-21 20:17:11'),
(19, 9, NULL, '09-1-2.jpg', 'D區蓮花帳', '固定式帳篷', '', 6, 2800, 4800, 2000, '2021-07-21 20:18:37', '2021-07-21 20:18:37'),
(20, 10, '10-2-1.jpg', '10-1-1.jpg', 'C區狩獵帳', '固定式帳篷', '', 5, 2800, 4800, 2000, '2021-07-21 20:36:01', '2021-07-21 20:36:01'),
(21, 10, NULL, '10-1-2.jpg', 'F區狩獵帳', '固定式帳篷', '', 5, 2800, 4800, 2000, '2021-07-21 20:37:24', '2021-07-21 20:37:24'),
(22, 11, '11-2-1.jpg', '11-1-1.jpg', '老鷹區', '草地', '5M*9M', 9, 1000, 1100, 900, '2021-07-21 20:50:39', '2021-07-21 20:50:39'),
(23, 11, NULL, '11-1-2.jpg', '孔雀區', '草地', '5M*9M', 4, 1000, 1100, 900, '2021-07-21 20:51:33', '2021-07-21 20:51:33'),
(24, 12, '12-2-1.jpg', '12-1-1.jpg', '茄苳樹區', '草地', '5M*8M', 8, 900, 1000, 800, '2021-07-21 21:00:39', '2021-07-21 21:00:39'),
(25, 12, NULL, '12-1-2.jpg', '落羽松區', '碎石草地', '5M*8M', 8, 900, 1000, 800, '2021-07-21 21:02:07', '2021-07-21 21:02:07'),
(26, 13, '13-2-1.jpg', '13-1-1.jpg', '櫻花區', '草皮', '', 5, 1000, 1100, 900, '2021-07-21 21:11:56', '2021-07-21 21:11:56'),
(27, 13, NULL, '13-1-2.jpg', '落羽松區', '草皮', '', 2, 1000, 1100, 900, '2021-07-21 21:17:12', '2021-07-21 21:17:12'),
(28, 14, '14-2-1.jpg', '14-1-1.jpg', 'C區', '草皮', '4M*12M', 1, 1000, 1100, 900, '2021-07-21 21:24:00', '2021-07-21 21:24:00'),
(29, 14, NULL, '14-1-2.jpg', 'D區', '草皮', '5M*10M', 1, 1000, 1100, 900, '2021-07-21 21:25:26', '2021-07-21 21:25:26'),
(30, 15, '15-2-1.jpg', '15-1-1.jpg', 'A區', '雨棚水泥', '4.5M*7.5M', 14, 800, 1000, 700, '2021-07-22 12:25:45', '2021-07-22 12:25:45'),
(31, 15, NULL, '15-1-2.jpg', 'E區', '草地', '4M*7M', 10, 800, 1000, 700, '2021-07-22 12:25:49', '2021-07-22 12:25:49'),
(32, 16, '16-2-1.jpg', '16-1-1.jpg', 'B區', '草地', '5M*9M', 5, 800, 1000, 700, '2021-07-22 12:25:54', '2021-07-22 12:25:54'),
(33, 16, NULL, '16-1-2.jpg', 'C區', '草地', '5M*9M', 10, 800, 1000, 700, '2021-07-22 12:25:57', '2021-07-22 12:25:57'),
(34, 17, '17-2-1.jpg', '17-1-1.jpg', 'A區', '碎石草地', '4M*7M', 6, 800, 1000, 700, '2021-07-22 12:29:35', '2021-07-22 12:29:35'),
(35, 17, NULL, '17-1-2.jpg', 'B區', '碎石草地', '4M*7M', 5, 800, 1000, 700, '2021-07-22 12:29:39', '2021-07-22 12:29:39'),
(36, 18, '18-2-1.jpg', '18-1-1.jpg', 'A區', '碎石草皮+石棧板', '5M*8M', 5, 900, 1000, 800, '2021-07-21 22:17:00', '2021-07-21 22:17:00'),
(37, 18, NULL, '18-1-2.jpg', 'B區', '碎石草皮', '6M*8M', 3, 900, 1000, 800, '2021-07-21 22:17:51', '2021-07-21 22:17:51'),
(38, 19, '19-2-1.jpg', '19-1-1.jpg', 'A1區', '碎石草皮', '10M*10M', 1, 1000, 1100, 900, '2021-07-22 12:29:42', '2021-07-22 12:29:42'),
(39, 19, NULL, '19-1-2.jpg', 'B1-B3區', '碎石草皮', '7M*7M', 3, 1000, 1100, 900, '2021-07-22 12:29:48', '2021-07-22 12:29:48'),
(40, 20, '20-2-1.jpg', '20-1-1.jpg', 'B區狩獵帳', '固定式帳篷', '', 2, 2800, 4800, 2000, '2021-07-21 22:44:16', '2021-07-21 22:44:16'),
(41, 20, NULL, '20-1-2.jpg', 'C區狩獵帳', '固定式帳篷', '', 3, 2800, 4800, 2000, '2021-07-21 22:45:04', '2021-07-21 22:45:04'),
(42, 21, '21-2-1.jpg', '21-1-1.jpg', '油杉包區', '抑草蓆', '6M*8M', 1, 1200, 1600, 1000, '2021-07-21 23:29:16', '2021-07-21 23:29:16'),
(43, 21, NULL, '21-1-2.jpg', '春梅區', '泥土地', '5M*6M', 5, 1200, 1600, 1000, '2021-07-21 23:30:18', '2021-07-21 23:30:18'),
(44, 22, '22-2-1.jpg', '22-1-1.jpg', 'A區', '草地', '5M*8M', 5, 800, 1000, 700, '2021-07-21 23:50:16', '2021-07-21 23:50:16'),
(45, 22, NULL, '22-1-2.jpg', 'B區', '雨棚水泥', '5M*8M', 5, 800, 1000, 700, '2021-07-22 12:26:11', '2021-07-22 12:26:11'),
(46, 23, '23-2-1.jpg', '23-1-1.jpg', 'A區', '木棧板+碎石', '4M*6M', 6, 1200, 1500, 1000, '2021-07-22 12:29:52', '2021-07-22 12:29:52'),
(47, 23, NULL, '23-1-2.jpg', 'B4區', '草皮碎石', '5M*8M', 1, 1200, 1500, 1000, '2021-07-22 12:29:55', '2021-07-22 12:29:55'),
(48, 24, '24-2-1.jpg', '24-1-1.jpg', 'A區', '雨棚棧板', '3.72M*3.72M', 4, 1200, 1400, 1100, '2021-07-22 12:29:58', '2021-07-22 12:29:58'),
(49, 24, NULL, '24-1-2.jpg', 'B1區', '棧板', '', 1, 1200, 1400, 1100, '2021-07-22 12:26:40', '2021-07-22 12:26:40'),
(50, 25, '25-2-1.jpg', '25-1-1.jpg', 'B區', '草皮', '5M*8M', 1, 2000, 2200, 1800, '2021-07-22 00:54:29', '2021-07-22 00:54:29'),
(51, 25, NULL, '25-1-2.jpg', 'E區', '草皮', '5M*8M', 5, 2000, 2200, 1800, '2021-07-22 00:55:16', '2021-07-22 00:55:16'),
(52, 26, '26-2-1.jpg', '26-1-1.jpg', 'A區', '碎石', '3M*4.5M', 3, 900, 1200, 800, '2021-07-22 12:30:06', '2021-07-22 12:30:06'),
(53, 26, NULL, '26-1-2.jpg', 'C區', '碎石', '3M*6M', 3, 900, 1200, 800, '2021-07-22 12:30:10', '2021-07-22 12:30:10'),
(54, 27, '27-2-1.jpg', '27-1-1.jpg', '楓林A區', '碎石', '5m*8m', 6, 800, 900, 700, '2021-07-22 12:30:13', '2021-07-22 12:30:13'),
(55, 27, NULL, '27-1-2.jpg', '楓林B區', '碎石', '5m*8m', 1, 800, 900, 700, '2021-07-22 12:30:17', '2021-07-22 12:30:17'),
(56, 28, '28-2-1.jpg', '28-1-1.jpg', '茶樹A區', '雨棚草皮', '4.5M*12M', 1, 3500, 3800, 3000, '2021-07-22 01:13:47', '2021-07-22 01:13:47'),
(57, 28, NULL, '28-1-2.jpg', '茶樹C區', '雨棚草皮', '10M*8M', 1, 3500, 3800, 3000, '2021-07-22 01:14:38', '2021-07-22 01:14:38'),
(58, 29, '29-2-1.jpg', '29-1-1.jpg', '草原蒙古包', '4人固定式帳篷', '', 5, 2800, 3800, 2500, '2021-07-22 01:19:29', '2021-07-22 01:19:29'),
(59, 29, NULL, '29-1-2.jpg', '全景小木屋', '2人固定式帳篷', '', 7, 2800, 3800, 2500, '2021-07-22 01:20:01', '2021-07-22 01:20:01'),
(60, 30, '30-2-1.jpg', '30-1-1.jpg', '雨棚C區', '雨棚架高營位', '3M*5M', 6, 800, 900, 700, '2021-07-22 12:30:20', '2021-07-22 12:30:20'),
(61, 30, NULL, '30-1-2.jpg', '雨棚D區', '雨棚架高營位', '3M*3M', 7, 800, 900, 700, '2021-07-22 12:30:23', '2021-07-22 12:30:23'),
(62, 31, '31-2-1.jpg', '31-1-1.jpg', 'A區', '碎石草地', '5M*10M', 20, 1000, 1100, 900, '2021-07-22 01:30:59', '2021-07-22 01:30:59'),
(63, 31, NULL, '31-1-2.jpg', 'C區', '碎石草地', '5M*10M', 6, 1000, 1100, 900, '2021-07-22 01:31:57', '2021-07-22 01:31:57');

--
-- 已傾印資料表的索引
--

--
-- 資料表索引 `placeinfo`
--
ALTER TABLE `placeinfo`
  ADD PRIMARY KEY (`placeId`);

--
-- 資料表索引 `placeinfodesc`
--
ALTER TABLE `placeinfodesc`
  ADD PRIMARY KEY (`placeDescId`);

--
-- 資料表索引 `placeprice`
--
ALTER TABLE `placeprice`
  ADD PRIMARY KEY (`areaId`);

--
-- 在傾印的資料表使用自動遞增(AUTO_INCREMENT)
--

--
-- 使用資料表自動遞增(AUTO_INCREMENT) `placeinfo`
--
ALTER TABLE `placeinfo`
  MODIFY `placeId` int(11) NOT NULL AUTO_INCREMENT COMMENT '流水號', AUTO_INCREMENT=32;

--
-- 使用資料表自動遞增(AUTO_INCREMENT) `placeinfodesc`
--
ALTER TABLE `placeinfodesc`
  MODIFY `placeDescId` int(11) NOT NULL AUTO_INCREMENT COMMENT '營區編號', AUTO_INCREMENT=32;

--
-- 使用資料表自動遞增(AUTO_INCREMENT) `placeprice`
--
ALTER TABLE `placeprice`
  MODIFY `areaId` int(11) NOT NULL AUTO_INCREMENT COMMENT '營區區域編號', AUTO_INCREMENT=64;
COMMIT;

/*!40101 SET CHARACTER_SET_CLIENT=@OLD_CHARACTER_SET_CLIENT */;
/*!40101 SET CHARACTER_SET_RESULTS=@OLD_CHARACTER_SET_RESULTS */;
/*!40101 SET COLLATION_CONNECTION=@OLD_COLLATION_CONNECTION */;
