-- phpMyAdmin SQL Dump
-- version 5.1.0
-- https://www.phpmyadmin.net/
--
-- 主機： 127.0.0.1
-- 產生時間： 2021-07-13 20:28:27
-- 伺服器版本： 10.4.18-MariaDB
-- PHP 版本： 7.3.28

SET SQL_MODE = "NO_AUTO_VALUE_ON_ZERO";
START TRANSACTION;
SET time_zone = "+00:00";


/*!40101 SET @OLD_CHARACTER_SET_CLIENT=@@CHARACTER_SET_CLIENT */;
/*!40101 SET @OLD_CHARACTER_SET_RESULTS=@@CHARACTER_SET_RESULTS */;
/*!40101 SET @OLD_COLLATION_CONNECTION=@@COLLATION_CONNECTION */;
/*!40101 SET NAMES utf8mb4 */;

--
-- 資料庫： `campfun`
--

-- --------------------------------------------------------

--
-- 資料表結構 `acategorylist`
--

CREATE TABLE `acategorylist` (
  `aCatId` int(11) NOT NULL COMMENT '流水號',
  `aCatName` varchar(100) COLLATE utf8mb4_unicode_ci NOT NULL COMMENT '類別名稱',
  `aCatParentId` int(11) DEFAULT 0 COMMENT '上層編號',
  `created_at` datetime NOT NULL DEFAULT current_timestamp() COMMENT '新增時間',
  `updated_at` datetime NOT NULL DEFAULT current_timestamp() ON UPDATE current_timestamp() COMMENT '更新時間'
) ENGINE=InnoDB DEFAULT CHARSET=utf8mb4 COLLATE=utf8mb4_unicode_ci COMMENT='類別資料表';

--
-- 傾印資料表的資料 `acategorylist`
--

INSERT INTO `acategorylist` (`aCatId`, `aCatName`, `aCatParentId`, `created_at`, `updated_at`) VALUES
(2, '露營新手指南', 0, '2021-05-03 15:27:18', '2021-05-12 10:46:53'),
(3, '親子同遊露營', 0, '2021-05-03 16:25:32', '2021-05-05 14:51:46'),
(4, '深度野營探索', 0, '2021-05-04 09:32:41', '2021-05-05 14:52:43'),
(5, '奢華露營體驗', 0, '2021-05-05 12:09:51', '2021-05-13 10:43:34');

-- --------------------------------------------------------

--
-- 資料表結構 `acommentlist`
--

CREATE TABLE `acommentlist` (
  `id` int(11) NOT NULL COMMENT '留言編號',
  `name` varchar(50) COLLATE utf8mb4_unicode_ci NOT NULL COMMENT '姓名',
  `content` text COLLATE utf8mb4_unicode_ci NOT NULL COMMENT '留言內容',
  `rating` tinyint(1) NOT NULL COMMENT '評分',
  `parentId` int(11) NOT NULL DEFAULT 0 COMMENT '上(父)層編號',
  `itemId` int(11) NOT NULL COMMENT '商品編號',
  `created_at` datetime NOT NULL DEFAULT current_timestamp() COMMENT '新增時間',
  `updated_at` datetime NOT NULL DEFAULT current_timestamp() ON UPDATE current_timestamp() COMMENT '更新時間'
) ENGINE=InnoDB DEFAULT CHARSET=utf8mb4 COLLATE=utf8mb4_unicode_ci COMMENT='評論';

--
-- 傾印資料表的資料 `acommentlist`
--

INSERT INTO `acommentlist` (`id`, `name`, `content`, `rating`, `parentId`, `itemId`, `created_at`, `updated_at`) VALUES
(1, '', 'good', 5, 0, 2, '2021-04-23 10:44:06', '2021-04-23 10:44:06'),
(2, 'Amy', 'good', 5, 0, 2, '2021-04-23 10:44:16', '2021-04-23 10:44:16'),
(3, '管理員', 'thanks ', 0, 1, 2, '2021-04-23 10:56:53', '2021-04-23 10:56:53'),
(4, '管理員', 'thank you!', 0, 2, 2, '2021-04-23 10:57:02', '2021-04-23 10:57:02');

-- --------------------------------------------------------

--
-- 資料表結構 `articlelist`
--

CREATE TABLE `articlelist` (
  `aId` int(11) NOT NULL COMMENT '文章編號',
  `aTitle` varchar(100) COLLATE utf8mb4_unicode_ci NOT NULL COMMENT '文章標題',
  `aImg` varchar(100) COLLATE utf8mb4_unicode_ci NOT NULL COMMENT '文章配圖',
  `author` varchar(30) COLLATE utf8mb4_unicode_ci NOT NULL COMMENT '作者',
  `aContent` longtext COLLATE utf8mb4_unicode_ci NOT NULL COMMENT '內文',
  `aCategoryId` int(11) NOT NULL COMMENT '文章分類編號',
  `aCommentId` int(11) NOT NULL COMMENT '留言編號',
  `aTagId` int(11) NOT NULL COMMENT '標籤編號',
  `aDate` date NOT NULL DEFAULT current_timestamp() COMMENT '發布日期',
  `created_at` datetime NOT NULL DEFAULT current_timestamp() COMMENT '新增時間',
  `updated_at` datetime NOT NULL DEFAULT current_timestamp() ON UPDATE current_timestamp() COMMENT '更新時間'
) ENGINE=InnoDB DEFAULT CHARSET=utf8mb4 COLLATE=utf8mb4_unicode_ci COMMENT='文章列表';

--
-- 傾印資料表的資料 `articlelist`
--

INSERT INTO `articlelist` (`aId`, `aTitle`, `aImg`, `author`, `aContent`, `aCategoryId`, `aCommentId`, `aTagId`, `aDate`, `created_at`, `updated_at`) VALUES
(3, '登山、露營再不是難事！野外露營、探險知識一次學會！', 'item_20210628154131.jpg', 'T小編', '冒險是什麼呢？就字面上的意義來講，指的是冒著危險的意思。借字典上的解釋來說，則是指刻意去做不確定是否能成功的事。雖然不清楚自己接下來做的事會成功還是失敗，卻依然鼓起勇氣去嘗試的意思。話雖如此，這並不是叫我們冒著生命危險，去做別人沒做過的事。在採取行動之前，我們必須慎重的擬定計畫，做好完善的事前準備，盡可能避開危險才行。在你能做到這些之後，遇到剩下的1%無法預期的危險時，便要勇敢地去面對它，這才是所指的冒險。\r\n　　\r\n第一次離開父母身邊獨自旅行、第一次去參加露營……那種心中充滿不安與期待的感覺，大家應該都記得很清楚吧。萬一發生什麼意外該怎麼辦？心情始終平靜不下來。這種心跳加速的感覺，不論經歷多少次的冒險都不會消失。正因為有這顆興奮的心，我們才會做好避免失敗的準備；當冒險過程順利時，我們也才會感到格外開心。本文分享了野外生活的必要事項，包含步行、飲食、睡覺、面臨危險的應對方式等，製作讓野外生活更有趣的遊玩器具，以及和動物、植物的接觸。只要學會了這些，就可以說完成了99％的準備。剩下的就是帶著勇氣出發。\r\n　　\r\n野外是一個自由自在的空間，沒有所謂的時間分配。在你能盡情享受毫無拘束的同時，也必須自己承擔所有行動的責任。人生就是一場冒險。既然有快樂的事，當然也會有出乎意料的事。在野外體驗到的所有事情，不論是在自己出了社會之後，或者在自己的人生歷程當中，對你一定都大有幫助。\r\n背包的裝法\r\n \r\n輕的東西在下面，重的東西在上面\r\n感覺好像有點相反，但在揹行李時，重的東西要放在上面。如果把重的東西放在下面，那身體就會往後仰，使我們在向上或下爬時，身體都會呈現前彎的姿勢。所以要把重的東西放在較高的位置，這樣它的重量就會分布在腳上了。\r\n \r\n利用袋子，把東西依種類分開\r\n 背包是個很大的袋子。如果把什麼東西都塞進裡面，要拿出來時就會很難找。動動腦筋吧。把食物、食器、衣物、藥⋯⋯各自放進不同的袋子裡，就能把東西分裝成好幾小包了。準備好一些棉布袋、塑膠袋後，將物品分別放進去。替換衣物最怕溼掉，所以就放進塑膠袋，而棉布製的袋子，最適合拿去裝柔軟易壞的東西。棉布袋用舊的內衣做就可以了。\r\n \r\n易受損物品的裝法\r\n 接下來，讓我們來分裝容易受損的物品和不容易受損的物品吧。相機、手電筒、食物中的蛋，都是一撞到就很容易壞掉或碎掉，這些物品要放在上面，然後在下面放入輕而龐大的東西，像是睡袋或衣物。接著再依序放入食器、爐子、食物。重物與容易受損的物品之間，必須塞進布或紙等當成緩衝墊。手電筒要確定它的電源開關不會鬆動，以免電源隨著背包搖晃而開啟，等抵達目的地後才發現電池已經沒電。把電池方向裝反，或在中間夾紙進去都可以。東西裝好後試著揹揹看，確認左右的重量是否相等。這就是最後的檢查了。', 3, 0, 0, '2021-05-07', '2021-05-04 12:17:53', '2021-07-02 18:01:26'),
(4, '從營地到野地，帶你體驗露營的不同樂趣', 'item_20210511154757.jpg', 'D小編', '遠離都市塵囂、返回大自然懷抱，無論是營地露營或是更具挑戰性的野地露營，與大自然共處的每一個時刻與景色，都令人備感療癒。營地有平整的水泥或草坪鋪地，以及齊全的水電與浴廁設備，很適合全家親子共遊或好友歡聚。而野地露營（簡稱「野營」）則多在沒有水電浴廁的山林或海邊，自行尋找紮營地點，撿拾林木生火野炊，是追求更自然原始的探險體驗。\r\n\r\n一直以來我都非常幸運，有機會可以學習、珍惜、培養我對戶外活動的認識及熱愛，這點令我感到滿心歡喜。我還記得那些黎明時分，看著太陽從地平線升起，聽著身旁的野生動物逐漸甦醒的聲音。我獨自一人在偏遠的鱒魚河畔，享受溫暖的營火及咖啡，這樣的時刻正如心靈的神奇解藥。有時候，對於那些聽到雁群嘎嘎飛過而不知抬頭望向天空的人，我為他們感到惋惜。在我聽來，雁鳴確實有如音樂般美妙。\r\n\r\n正因為如此，這本書的目標想同時針對有經驗的露營者及新手露友，讓他們不管在林間或水邊，都能有更豐富的活動體驗。這本書不是寫給那些到了露營地，卻總待在車子裡，未能再向外探險的露營者。身為一名獵人、釣友和露友，我常常大膽離開現有步道去探險，希望能發現尚未有其他足跡走過的地方。\r\n\r\n露營必備基本功 × 野營進階秘技 × 急救處理法，讓你的露營技能全面升級。請勿選擇低於地下水位的漥地或溪谷紮營，確保高度才安全；將營繩綁在一綑枝條上再埋進地裡，就能取代營釘；乾燥紙張、揉成一團的雜草和樹脂，都是好用的火種；地面被雨水浸濕時，用樹葉、石頭或樹枝搭建基底便能順利生火；出發前一晚，在保冷箱裡放幾袋冰塊讓內部冷卻，可以使冷度維持更久；被蜜蜂螫到時，用小蘇打粉調成糊狀冷敷可減輕疼痛。', 4, 0, 0, '2021-05-07', '2021-05-04 12:18:38', '2021-07-02 18:01:32'),
(6, '第一次親子健行好好玩！新手家庭也能輕鬆入門', 'item_20210628102454.jpg', 'O小編', '台灣有70%是山，在你家附近一定有幾條郊山步道，其實登山健行沒有那麼難，就是找家裡附近的步道去走走！再也不怕孩子放電沒處去！又放假了！到底要去哪裡遛小孩？！百貨？遊樂場？公園？還是宅在家？試試看出門健行吧！讓孩子的童年不受限！運動╳遊戲╳教養一魚多吃的趣味旅行。不必花大錢、就近出發，給孩子一生最棒的禮物，在大自然中學習獨立、自信與毅力。\r\n\r\n一向喜歡大自然的我們，3年多前首度嘗試露營後，就這麼帶著三小一頭栽進了露營生活裡，在什麼都要自備的狀況下，全家人一起準備、出發、搭帳、收拾，回到家還需要花時間的清潔、收納擺放；在充滿生態的大自然中體驗生命教育、在搭帳及煮食的過程中體驗平日父母的辛勞，藉此促進親子互動、累積回憶情感，並在露營中學習人際互動、學會尊重他人，這些所附加的人生課題，是在平時生活中與學校課堂上所沒教的事呢！\r\n \r\n像大家都說雨天不適合露營，但我常喜歡藉著雨天露營讓孩子去體會逆境的不愉快（雖然收濕帳很累人，但收久也有經驗了）、學習情緒的處理與心境的轉換。還記得在福壽山露營時的午後，天幕外下著傾盆大雨，無處可去的我們只能落寞的待在天幕下等雨停，此時我故意的問孩子們：「我們來露營碰到下雨了怎麼辦？」，孩子們不減興致的回我：「沒關係！我們來吃下午茶吧！」。俗語說「山不轉路轉，路不轉人轉，人不轉心轉」的體驗竟然是這麼容易，那時的我發現到，原來孩子在無形當中其實都有在內化成長，更勝我們的碎念嘮叨。\r\n \r\n而我們也因此正好搭上了這波露營風潮的起始，細數這3年多超過80露的露營生活中，我們見證了露營裝備的精進興盛，以及新營地在全台各地的雨後春筍，因此這本書的核心概念，主要是給剛踏入露營的新朋友們，首先有個最真誠、最實在的建議與資訊，不要因為潮流或美好的一面而盲從踏入、也不要因為既定的刻板印象，而放棄了與大自然分享人生的機會；也希望已身為露友的我們，在挑選營地時能更重視自然生態，將人為開發對自然的影響減到最低，用行動支持真心對待台灣這片土地的好營地。', 5, 0, 0, '2021-05-07', '2021-05-05 09:51:37', '2021-07-02 18:01:38'),
(7, '出發台灣山林：新手也能走，從里山到深山的步道小旅行', 'item_20210628102405.jpeg', 'X小編', '台灣是山之國度，超過260座3000公尺以上高山貫穿脊梁，300多條長長短短的步道羅織成網，刻寫島嶼的歷史脈絡，串連隨海拔高度改變的動植物。自古以來，山林就是生活的一部分，以雙腳閱讀台灣，看見台灣的美，翻開島嶼的立體故事。\r\n\r\n精選全台各地28條步道，帶領新手從淺山走進深山，包含都市近郊的自然綠地、與先民生活息息相關的里山古道、原住民族的傳統領域、以及適合初心者的百岳，由編輯實地採訪，挖掘熱門路線的故事，探尋山野秘境的傳說。放下手機出發吧！走進山林，抬頭沐浴穿過葉縫的陽光，閉眼傾聽森林的聲音，大口呼吸空氣中的療癒清新，你也會瞬間愛上這道啟動五感的山野味。\r\n\r\n說走就走淺山行14+：\r\n剛剛好的陽光，換雙舒適好走的鞋子就出發。鄰近都市的郊山隱藏綠色秘境，溪流瀑布清涼消暑，箭竹草坡渲染層層疊疊的抹茶綠，險峻岩場驚險刺激，古道石橋尋找閩南人與客家人遷徙生活的痕跡，走進山林原來這麼容易！\r\n\r\n深山部落森之道9+：\r\n跟隨原住民的腳步深入傳統領域，踩踏柔軟的松針地毯，探訪雲霧圍繞的巨木紅檜，穿梭針闊葉混合林，學習野外求生訣竅，翻山越嶺尋找氤氳野溪溫泉，山野森林是神話的起源、是獵場，也是回家的路。\r\n\r\n挑戰三千公尺的視野3+：\r\n呼吸高海拔的純淨空氣，揭開台灣百岳的奇、險、峻、秀。只要稍加鍛鍊，百岳也並非高不可攀，不再羨慕朋友臉書中帥氣的攻頂照片，做好準備就勇敢出發吧！\r\n健行/登山裝備檢查表：\r\n複印之後隨身帶著走！每次出發前檢查一次，登山不再怕忘記帶裝備。', 4, 0, 0, '2021-05-07', '2021-05-05 09:51:58', '2021-07-02 18:01:45'),
(8, '帶你走進大自然，用美食向美景致敬！', 'item_20210628101716.jpeg', 'S小編', '野炊，可不只是泡麵、火鍋而已！軟嫩入味的米蘭番茄燉牛肉、切開滿是肉汁的巴西森巴串烤、吸收大海精華的西班牙海鮮燉飯……這些，都可以用一口鍋子，在野外輕鬆搞定！\r\n\r\n隨著外景節目跑遍臺灣北中南東的鄉野山林，不論上山下海，都一肩扛起劇組伙食大任的主廚Max，為了克服設備和保鮮上的困難，在營地、高山上端出不輸景色的垂涎美食，他用最常見的平底鍋、燉鍋、烤肉爐設計「單一鍋具」菜單，並發揮廚師專長，研究出一套「簡單、方便、更好吃！」的野炊密技──1. 善用「預前調理」→ 將食材、調味料最少化，利用醃製延緩食材變質。2. 聰明「簡化烹調」→ 省略繁雜工序，將食材像調理包般依序加入鍋中即完成。3. 變化「延伸吃法」→ 一道菜兩種吃法，增加豐富度和樂趣，多煮也不怕浪費。今天起，跟著行家的腳步，一起體驗全新的野炊樂趣！從澎湃主菜、飽足主食、暖胃湯品到網美甜點，全部一鍋完成。\r\n\r\n戶外也做得出來的神級美味：\r\n野炊要方便，卻不能犧牲味道！Max主廚將「廚師專業」結合「野炊經驗」，活用食材特性、烹調方式縮短時間、工序，例如用快熟的豬頸肉取代豬腳，把「餐廳級料理」的德國水煮豬腳，簡化成「戶外版本」的水煮豬頸肉，丟進水裡煮一煮，就完成沒想過露營也吃得到的豪華美味！\r\n\r\n減少野地限制的事前備料法：\r\n戶外不像家裡廚房，有各種設備和調味料。但只要前一天在家中，依照食材種類、食譜步驟進行事前醃製、備料，到現場後就能像調理包般輕鬆加入鍋中。不但大幅縮短烹調時間，還可以延長食材保鮮，而且不用帶一堆瓶瓶罐罐，豐盛的野炊料理即刻開動。\r\n\r\n1+1大於2的美味延伸吃法：\r\nMax主廚獨創野炊吃法2.0，用創意小變化，讓一道菜變成另一道精彩的美味！把吃到一半的新德里咖哩雞做成北海道湯咖哩，或是吃不完的森巴串烤撕碎和優格醬一起夾入熱狗麵包，隔天就有神好吃的牛肉沙威瑪當早餐！再也不用擔心煮好的菜吃不完，還能隨時變換口味。\r\n\r\n符合野炊需求的超貼心規劃：\r\n野炊不想掃興，最重要的就是出發前的準備！從行李、場地的確認，到依照人數、設備做好菜單安排、食材保鮮，Max主廚幫你逐一做好規劃！每道料理也細心標註使用鍋具、食用人數和烹調時間，不論是小家庭還是大聚會，都能依照需求挑選菜單。\r\n\r\n結合在地食材的台灣好滋味：\r\n寶島台灣四面環海、風和日麗，擁有許多富饒的山海產。本書中收錄許多Max主廚走遍台灣，運用當地特產發想出的料理，苗栗水梨雞湯、新社菇菇炊飯、日月潭水煮魚……只要在抵達營地前順道購買在地盛產食材，不用多餘調味，就是完美發揮食材特質的驚豔台灣味。', 3, 0, 0, '2021-05-07', '2021-05-05 10:50:34', '2021-07-02 18:01:15'),
(10, '愛好大自然、以童心為原動力，怎麼帶你玩戶外活動？', 'item_20210628101929.jpeg', 'B小編', '不是因為年紀大了才出來遊山玩水，而是不出來遊山玩水，所以才會變老！無論是什麼事物，只要持之以恆就會成為力量，能辦到的情增加了，樂趣也會隨之增加。不要過於在意身分證上的年齡，因為是否持續懷抱好奇心、樂觀正向地享受人生，才是衡量一個人年輕與否的指標啊！\r\n　　\r\n席捲網路、讓年輕人為之驚嘆的超人氣「戶外活動型爺爺Youtuber」──「winpy-jijii」將親身和各位分享他獨到的樂活哲學。將「人生就是戶外活動，戶外活動就是人生」與「對分析物品結構與DIY懷抱濃厚興趣」等信念作為自己品味人生、暢遊各式活動的豐沛動能，讓今年已經70多歲的他，依舊滿懷童心，盡情探索且嘗試各種嶄新事物。對生活少了好奇心，即使年輕也蒼老。看了jijii老爺爺的《我的露營人生》這本書，雖然好像是本露營工具書，但卻是一本十足激勵人心的心靈雞湯，字裡行間讓人血脈賁張，恨不得趕快拿起工具來DIY，瞬間燃起對生活與生命的樂趣。看完這本書，原來露營不是只是帶個帳篷、睡袋就完成的小事，而是集結許多生活瑣碎小知識的大樂事啊。露營是種對人生的生活態度，可以選擇激情，可以選擇優雅，不管選擇如何？用自己最舒服的方式去享受這一切吧！「我的露營人生Life is Camp」，看完滿滿的感動，期待自己也能跟網紅老爺爺一樣，用熱情去選擇自己想要的生活！', 5, 0, 0, '2021-05-07', '2021-05-05 12:13:17', '2021-07-02 18:01:03'),
(11, '山林癒：沐浴山林擁抱樹木，借助大自然力量自我療癒', 'item_20210628101753.jpg', 'L小編', '一起走進山林，來抱樹吧，發現樹療和森林浴的美好益處！2019/10/21台灣山林全面開放，安全享受山林前，先認識森林浴、樹療法和山林如何治癒身心！\r\n\r\n「重新與自然連結有助於建立深層的平衡和幸福感，尤其是它能減少壓力。我發現森林恢復了我的寧靜，改善了我的健康。閃閃發光的辦公室和引人入勝的樹木之間，有著巨大的差別，有時讓我覺得自己像是穿著西裝的現代德魯伊僧侶，只不過我在週末的時候不會搭上披肩長袍，而是換上健行運動鞋！幸福就在大自然中，我就是因為這原因而成為樹療師：和你一同分享風景的美，不是為了把它拍下來好放到Instagram，而是盡情享受眼前的這一刻。我想以你手上這本書訴說我的經驗、我和樹木不可思議的相遇，它們帶給我什麼，以及這些能為你帶來什麼。我們巨大而沉默的樹木朋友，堅毅地跨越不同的世代，和那些知道如何仔細聆聽的人，分享它們的寶藏。」\r\n\r\n讓我們懷著熱情與好奇心，跟著作者走進美麗的森林，探索帶著神話色彩的山峰與深藏不露的山谷、原始森林和特有物種、在地族群與少數民族、文化及專業知識……在鬱鬱蔥蔥的樹叢與簌簌顫動的枝葉圍繞中，跟隨他的指引，認識30種具有樹療功效、植物療法及嫩芽療效的重要樹種，與樹林神奇的力量連接在一起，讓尋求減輕壓力、緩解病症、恢復元氣、重新與大自然連結的人，認識山林的力量，從樹木為我們提供的驚人治癒力中受益！', 5, 0, 0, '2021-05-07', '2021-05-05 13:15:19', '2021-07-02 18:02:01'),
(12, '～運用先人的智慧結晶，展開一場現代冒險旅程～', 'item_20210511171158.jpg', 'Ready', '「體驗在真正的野外環境中過夜，能幫助你找回在安心舒適的現代社會中學不到的想像力及判斷力，並使人更加成長。」你是否在繁忙的日常生活中感到焦慮？是否在網路上接收了過量的訊息而無法思考？每天手機的LINE提示音響不停？彷彿被世界追著跑，沒有片刻的安寧。我們的祖先一開始是在野外生活，並且延續了好幾個世紀，因此人類的某些習慣應該不是如此輕易就會被遺忘的。看著火堆中的熊熊火焰會讓人內心感到平靜，就是因為這幅過去看到過的景象有如本能般保留在了體內。\r\n\r\n所以，上山吧。在山林間不需要考慮太多事情，只需專注於手邊的工作。著手搭建營地、生火、煮食，只為了今天的生存而努力，還能得到滿滿的成就感。\r\n有幾項原因促成我決定搬到信州定居，其中最重要的，就是關東近郊沒有地方能讓我從事野外活動。舉例來說像是用斧頭或刀子劈柴，然後生火野炊，光是要這樣就非常困難。當然，信州也不是到處都能隨意做這些事，但相較於大都市，至少還有這樣的地方。值得感激的是，許多地主都能夠理解野外活動並提供善意，讓我在他們的土地上砍樹、生火。我想有些人可能還是全家一起住在那裡的，多虧了在地民眾於公於私都大力提供協助，我才能夠持續從事野外活動至今。\r\n\r\n歸根究底，現代日本仍保留了在野外焚火的地域文化，是我能夠完成本書的重要因素。中信地方（譯註：長野縣西部一帶）的民眾會在一月十五日收集新年期間裝飾家中的松樹、注連繩、不倒翁等，製作成巨大的圓錐狀焚燒物，在各地公園、廣場焚燒，進行名為三九郎的送神儀式，場面非常壯觀。舉行儀式的地點周圍當然都是住宅區，焚燒時濃煙密布，下風處的住家更是首當其衝，但沒有人對此發出怨言。\r\n\r\n我的故鄉山形縣也有一項名為煮芋頭大會的活動，民眾會在河邊用大鍋子當場煮起芋頭，是當地盛大的豐收祭典，同樣也沒有人抱怨這樣會汙染河川。或許因為這是自古以來與地方密不可分、每年都會舉辦的活動，所以大家從小就自然而然地當成了生活的一部分吧。進行野外活動有一項不可或缺的要件，就是當地人對於用火這件事抱持寬容的態度。具備這項條件之後，才有辦法施展各種用火及刀具的知識和技術。\r\n\r\n常有人問我野地生活技藝方面的問題，其中又以小刀等刀具相關的問題居多。換個角度想，可見原來有這麼多人有意在這方面做嘗試。我認為，在如此便利的時代，想要特地體驗生火、野營的不便，並不是什麼奇怪的事，其實大家心裡都有這樣的渴望。', 4, 0, 0, '2021-05-07', '2021-05-05 13:15:38', '2021-06-28 12:59:07'),
(13, '野外技能補完手冊：從輕量化裝備、行進技巧、戶外炊煮、營地工藝到辨識危險', 'item_20210628102008.jpeg', 'LISA', '現代社會的壓迫讓我們許多人都無法當真正的自己，踏進荒野讓我們可以暫時從這一切解放出來。荒野裡的時光有真實的價值。也許我們可以發掘出多一點真實的自我，或許我們會看到生命不止如此，還有更多美好的東西。\r\n\r\n但踏進荒野不只是換上登山鞋，揹上背包，走進山中那麼簡單。那還包括一系列憑自己的力量，在野外好好生存的方法、智慧，以及格調。沒有野外技能，只帶著手機上山，出了事就打電話求救，是無法接受的。\r\n\r\n方法是：知道自己在戶外時，需要哪些裝備、怎麼讀地圖、怎麼搭帳篷、怎麼炊煮。\r\n\r\n智慧是：有辦法判斷下雨時，自己適合穿雨衣、風衣，還是風雨衣。知道睡袋的最佳溫度取決於自己的代謝率，睡袋上的標示和別人的使用評鑑都只是有用的參考。智慧讓我們得以建立自己的系統，知道如何做到輕量化，揹得輕鬆愉快，但該帶的東西還是一件都不少，甚至還能在山上做出熱騰騰的麵包。知道什麼裝備能讓自己最舒服、怎麼前進最有效率、怎麼解決棘手的行進及露營問題。\r\n\r\n格調是：格調是一切。但這裡講得不是時尚，而是你怎麼行動、表現、過野外生活。格調是，當其他人都又濕又冷、邊走邊抖時，自己卻一身乾燥溫暖。格調是，在走了十公里才發現走錯路後，依然保持正面的態度。格調是，懂得尊重在步道上碰到的其他人和其他野外生物。就是這些，決定了什麼是優秀的戶外人。\r\n\r\n選擇營地：\r\n尋找營地時，要注意的第一件事情就是當地的規定。許多地方不准在步道或水源的60公尺內紮營。各地都有不同規定，最多人造訪的地方（國家公園、熱門的野外景點等等）有最多的規定。步道口都會有這些規定的告示牌，進入步道之前要先留意。\r\n \r\n接著，我試著找隱蔽的營地，以免防礙別人享受風景，我也比較不會看到其他人。找展望好的營地沒問題，誰不喜歡看到太陽在群山間落下呢？但也沒必要把帳篷紮在所有人走過都看得一清二楚的地方。到樹叢邊緣或是稜線旁而非稜線上紮營吧！我也曾經看過有人在步道上紮營，我懷疑他們可能會讓孩子在大馬路上玩。', 3, 0, 0, '2021-05-07', '2021-05-05 13:16:18', '2021-06-28 16:20:09'),
(14, '女子露營休日，裝備x穿搭x美食x行程，一次搞定！', 'item_20210628104809.jpg', 'R小編', '教妳用最基本的露營裝備，不用耗費過多體力與心力，就能和姊妹們一起「露營趣」！用最基本的裝備，和姊妹們一起享受美好的休日時光！生命就該浪費在美好的事物上，而時間就該與好閨蜜一同度過。\r\n\r\n我從小在北海道成長，對我來說，「森林活動」就是每天生活中的一部分。從小就在森林裡遊玩的我，喜愛森林裡的一切，走在林間小徑時，都幻想自己是童話繪本裡的女主角……。長大成人後，森林仍像我的第二個家。青綠的樹木或植物、蔚藍的天空、清涼的溪水這些由身體感受而來的記憶，讓我在森林裡非常的安心。近幾年來，露營活動盛行我也常和朋友們一起去露營，能夠感受大自然的擁抱最棒了！某天，我的露營夥伴不經意地說：「露營只能有一種風格嗎？好想試試看『女孩風』的露營喔～」聽到這些話時，我腦中忽然閃過好多想法。有些人認為露營是專屬於男性或是親子的活動，但其實就算是女生，也可以和姐妹們來場露營派對。我試著整理出女孩們在準備露營時會碰到的問題，並一一提出解決方案：\r\n\r\n露營裝備好重？找到在體力與功能間取得平衡的裝備，並知道打包技巧就沒問題！\r\n不知道要帶哪些衣服？只要掌握穿搭原理，就能穿得時尚，又能享受大自然！\r\n露營要玩什麼？安排簡單的玩樂行程，準備簡單美味的食物，就能辦場戶外派對！\r\n大家的帳棚都長得一樣，好無趣？只要準備幾個小物品，就能營造專屬自己的露營風格！\r\n', 2, 0, 0, '2021-08-02', '2021-05-05 13:16:43', '2021-07-04 15:45:10'),
(15, '平底鍋登山露營食譜', 'item_20210628104655.jpeg', 'Tom', '登山料理，讓登山或山上露營更為豐富與多彩。為了避免一邊登山一邊背負重物，導致過度消耗體力，登山者必須仔細挑選烹調鍋具，並謹守食材準備的原則，才能享受登山樂趣，並且吃得飽又巧。在烹調登山料理的諸多器具中，平底鍋極受登山界人士肯定，尤其是登山專用的小型平底鍋；只要準備1個材質佳的輕量平底鍋，幾乎所有料理都能烹調，是最實用的登山入門鍋具。除了煎烤、炒的基本功能，就連烹煮米飯、麵類等主食，以及鍋類料理都難不倒它。平底鍋導熱性佳、烹調效率高，熟練用法與技巧之後，就能隨心所欲變化出多種不同料理，CP值超高，可說是登山露營的萬用鍋。\r\n\r\n文章中的料理以「1個平底鍋製作」為主題，收錄各地山友實作之食譜精華，兼具美味及實用性。這些料理的重點在於「做法超簡單」、「使用輕量易保存」和「風味多變」，專為登山露營量身打造。每道料理中，一併提供適合的登山行程、飲食型態的小圖示標記，更易閱讀，料理新手也能駕輕就熟。此外，登山達人也不吝分享「不需用火的塑膠袋下酒菜」和「折疊湯杯料理」實用私房食譜，讓菜色更多元。除了食譜之外，經驗豐富的山友們還傳授器具挑選的訣竅、調理技法和烹調小建議，以及四天三夜平底鍋登山菜單規劃，仔細閱讀，可省下許多盲目摸索的時間。喜愛登山、露營的朋友們，別再因「隨便吃輕量即食包」，還是「背負重食材」而左右為難了。選個優質平底鍋，挑好適合的食材，讓登山露營料理更豐盛、營養。', 2, 0, 0, '2021-05-07', '2021-05-05 13:17:00', '2021-06-28 16:46:55'),
(21, '超輕量登山野營技巧：10天食物加上裝備不到12公斤！', 'item_20210628104724.jpg', 'A小編', '輕量化意味著要犧牲旅程的舒適與安全？輕量化裝備都很貴？背超輕就能走超快，能走超快就多了很多仔細欣賞山林、觀賞花朵、融入自然的餘裕。背超輕就有餘裕仔細辨識叉路、融入環境，理當能減少迷途的狀況。背超輕就能提高機動性，能更準確控制腳的落點，減少跌倒甚至墜崖的風險。更進一步深入超輕量登山的讀者，應當能體會這跟獵人上山是很類似的經驗，以最少量的裝備與大自然進行最深的交流，希望這最終會帶領您擁有超輕量碳足跡的人生。還記得與朋友走在阿帕拉契山徑時，很容易認出這些全程徒步者，他們的背包很小，食物多半是只要加熱水的乾燥糧，爐頭是用半個可樂鋁罐做成的酒精爐，我捧在手上端詳，連個噴嚏都不敢打，生怕它飛走。但最讓我狐疑的是鞋子，不是傳統的高筒登山鞋，而是輕量的越野跑鞋。他們背上的包袱輕，腳上的負擔少，一路健步如飛，眼光總是向前看，很少往腳下看。\r\n\r\n那時我才剛踏進戶外領域，總覺得在岩石路徑多的賓州段，不穿高筒登山鞋一定很容易扭傷腳踝，很納悶他們怎麼可以只穿越野跑鞋？直到多年後才領悟，當負重輕，能掌握自己的步伐，自然不需要笨重的登山鞋。\r\n\r\n看多那些人的奇異行為後，因為好奇我上網閱讀輕量化論壇和達人的部落格文章，想了解輕量化究竟是怎麼回事，結果看到的多半是對一克兩克斤斤計較，比如把牙刷斷柄，把牙膏擠出來在太陽下曬乾，切成一段段攜帶等內容。我看完後嗤之以鼻，覺得輕量化就是犧牲舒適度罷了。我當時的行程頂多四、五天，最初體力較差，確實嫌過包袱重，但幾次下來也就習慣了，還驕傲自己真能背，何必為了輕量化走極端路線。', 2, 0, 0, '2021-05-11', '2021-05-11 16:32:08', '2021-07-02 18:00:48'),
(22, '四季的露營，享受美好露營時光～', 'item_20210628102253.jpg', 'Y小編', '實際掌握露營知識，天天都是露營好日子，從出發那一刻開始都是美好又難忘的回憶，享受從容不迫的露營體驗。初學者一看就會！老手再度複習！享受美好露營時光～對露營初學者來說，最常見的想法不外乎就是：「就算想要去露營也根本不知道該如何準備起！」想體驗別人口中露營的樂趣：親近大自然、享受山水的愜意悠閒，擁有一段自由自在的享受時光、增進親子或朋友間的感情，結果站在琳瑯滿目的道具前，卻不知道該從何買起？帳篷為寢室，天幕是客、餐廳，再加上配置好的廚房……，在露營區的營地設置，就像是在現場建起一個家的感覺。想要在露營區度過舒適的時光，就要好好仔細挑選道具，依照自己憧憬的露營空間挑選適合的道具，從五花八門的商品中挑選出屬於自己風格的道具，就是這份樂趣讓人慢性中毒，甚至可以說是「露營中毒症」的主要因素呢！要充分享受初次的露營樂趣，第一個目標就是「不疾不徐、舒適愉快的享受」，不要什麼都想要，就塞滿了一堆計畫。做料理也是，一開始不要太勉強。慢慢地增加自己可以做的事情，熟練程度就會慢慢累積起來，重點就是「保持輕鬆愉快」！', 5, 0, 0, '2021-05-11', '2021-05-11 22:45:44', '2021-07-02 18:00:42'),
(24, '零失敗，好上手！完全圖解露營必備料理', 'item_20210628102307.jpg', 'K小編', '在家做出的好味道，外出露營也辦得到，不用烤箱也能烤披薩、蘋果派；用剩菜就能完成通心麵沙拉、濃湯，還有貼心的料理順序規畫，讓上一道菜的美味，成為下一道菜的佐味\r\n鍋具不必一再清洗，超省力；甚至可以一鍋兩菜，最省時！零失敗，好上手，你一定沒想過，露營能夠這麼好吃又好玩。三餐老是「吃外面」，不健康；現在出發「外面吃」，最享受。誰說出外吃不到好料？就靠露營料理打破你的美味迷思，一邊露營一邊料理，讓肚子和心靈都超療癒。\r\n\r\n露營難道只能吃一般的炭火烤肉嗎？「NO！露營也可以吃得很豪華！」只要用對方法和工具，即使是在野外，也能做出好味道。不需要烤箱或窯就可以烤出的披薩，蘋果派、烤全雞甚至布丁；在山野也可以料理鮮美的透抽、鮭魚、石斑魚等經典海味。全47種露營料理，顛覆你的想像，從此別再誤解露營只能吃烤肉和泡麵啦。這樣露營食材的準備，一定很麻煩吧？「學會行前處理+剩菜變身美味早餐就不怕！」出發前先做好基本的食材處理、製作醬料，再用一點小撇步收納保存，這樣到營地就能直接料理，把多出來的時間留給野外美景囉。另外，出門在外更不該浪費食材，讓高手教你把晚餐的剩菜變成隔天一早的豐盛美食，不僅能夠享受美味，也可以減少收拾殘局的時間，一兼二顧，露營不費力！', 2, 0, 0, '2021-05-11', '2021-05-11 23:08:13', '2021-07-02 18:00:24'),
(25, '用鑄鐵平底鍋、荷蘭鍋、烤肉爐做出令人垂涎的戶外料理', 'item_20210628102111.jpg', 'K小編', '從不用升火也能做出的輕鬆小菜，到讓你大飽口腹之欲的魚、肉、蔬菜料理、點心等，這裡通通都有。22道簡單小菜x 17道平底鍋料理x 18道荷蘭鍋料理x 15道烤肉爐料理\r\n19種香草香料x 8種醬料x 8種飲料。吃得比5星級餐廳還豪華，野炊比想像中簡單上手。在野外用餐總是感覺食物特別美味！野炊露營能為小朋友和大人帶來很棒的成長體驗；而且，圍著營火用餐，人人臉上都會自然浮現笑容，戶外野炊就是有這些迷人的魅力。只要有一個荷蘭鍋，無論是烤雞、西班牙海鮮飯、烤秋刀魚、味噌豬肉蓋飯、關東煮、煎餃、蒸麵包、雞蛋布丁、草莓披薩……等，各種各樣的料理都難不倒它，烤、燉、蒸、煮、炸、燻，一鍋搞定。', 5, 0, 0, '2021-08-03', '2021-05-11 23:09:26', '2021-07-04 15:45:05'),
(31, '終極輕量化的山林料理絕招', 'item_20210628093240.jpg', '露營編', '行動食物與應急食物，食材要裝到容易辨認的塑膠袋裡。在野外做飯與在家裡不一樣，你必須要把食材帶去。為了方便處理，最好是帶輕盈、體積不大、不需花太多時間調理的食材。蔬菜只要洗好需要的量，再裝進塑膠袋裡帶去即可，如果先切成適當的大小，就能省下更多時間了。打翻之後不能再使用的食材，像是麵粉、油之類的，要放進袋子或瓶子裡，並且用塑膠袋裝好。\r\n \r\n行動食物要放在衣服或背包的口袋裡。和到當地才開始做的餐點不一樣，乾糧或零嘴等行動食物，是在走路途中肚子餓時吃的東西。覺得肚子餓了或是很累的時候，不要忍耐，拿出乾糧來吃吧，準備巧克力、餅乾或糖果等自己喜歡吃的零嘴是最好的，人們吃到愛吃的東西後，就會變得很有精神。為了能夠方便拿取，請把行動食物放到衣服的口袋，或是背包口袋的上方吧。', 3, 0, 0, '2021-06-27', '2021-06-28 13:04:54', '2021-06-28 15:45:36'),
(32, '建立「輕量化的觀念」比購買「輕量化的裝備」重要', 'item_20210628093216.jpg', 'John', '山的浩瀚、人的渺小，從登山找回與大自然的相處之道。沒有任何一位真正的登山者會用驕傲的語氣說他征服了什麼高山，相反地，面對「山」這樣偉大浩瀚的存在，反而要不斷縮小自我，並放大眼界，用像山一樣的胸懷包容各種好壞。\r\n\r\n走進高山的世界，傾聽風、樹、雲、石、水、光的聲響，踏著渾厚的步伐，穩定且緩慢地向前邁進、向上攀升，在那靜謐的浩瀚天地間，享受巨大孤獨的洗禮，腦袋因而感到無比清晰，這是每一位登山者嚮往的心靈境界。登山並不像綁鞋帶或騎單車那樣，一旦學會就可對外宣稱「我學會了」，登山如同許多專業運動項目和技能，必須不斷地嚴格自我要求，精進知識和技巧，方能學會面對挑戰、任意自在，找回與大自然的相處之道！\r\n\r\n台灣終於也來到了這樣時代，年輕人加入世界山民夢想的長距離步道行列，給自己半年時間在異鄉流浪，遇見步道天使的奇蹟，倚賴陌生人的善意，對話經過試煉的愛情，在在呈現國際的健行者文化，步道的軟內涵遠比硬工程來得久遠，值得讀者細細品味。', 4, 0, 0, '2021-06-15', '2021-06-28 15:32:16', '2021-07-04 15:07:11'),
(33, '靜謐山徑上的星星，找回與 大自然的相處之道！', 'item_20210628102227.jpg', 'J小編', '露營登山玩水事前準備非常重要，一定要把自己搞得很舒服，否則景再美卻餓肚子冷到靠北淋得濕嗒嗒還有心讚嘆山河嗎？用勇氣或夢想這種很老土的旗幟伴行，既然不是，還是已經昇華到另外一種境界？我認為那種境界就是「想那麼多，人生不就是一翻兩瞪眼，多想也只是浪費時間，不如說走就走」。\r\n\r\n我不得不幻想著，這條我可能一輩子不會有機會踏上的太平洋屋脊步道，就彷彿是人生的短暫縮影。這一路上的風景有崎嶇坎坷、有風光明媚、有歡笑瘋癲當然還有汗水與淚水，你會認識一些人，也會跟一些人揮手道別，幸運的話還會遇上好多天使。而最重要的是，那個深愛的人還緊緊牽著你的手，直到步道的終點。PCT步道很難，人生也是，謝謝阿泰和呆呆，這場不可思議的壯舉，給了你我面對人生最珍貴的無懼勇氣。', 3, 0, 0, '2021-08-01', '2021-06-28 15:33:38', '2021-07-04 15:45:15'),
(34, '登山的服裝配件，嚴格來說沒有一個是多餘的', 'item_20210628104809.jpg', 'R小編', '露營是近幾年非常流行的休閒活動，開車載著帳篷、廚具、食物等等裝備就可以到露營場所度過美好的時光。然而，你知道台灣的山林卻為了開闢更多的露營場地而被濫墾濫伐，造成水土保持的災難嗎？其實還有另一種既著重環境維護且更深度親近大自然的休閒方式，就是本書要介紹的『野營』。\r\n\r\n野營既然是休閒活動，就沒有野外求生那麼嚴肅艱苦。跟露營類似之處是同樣可以開車載著必要的用具進入山野，當經驗變得豐富之後，就可以逐漸減少攜帶的用具，降低對文明工具的依賴，以現場採集到的物品來替代，觀察與體驗大自然帶給我們的恩典。當你在深入感受風、地面濕氣、樹木的生長方向等周圍的大自然事物時，體內的生理時鐘會放緩下來，同時自己的行動與思考的速度也會跟著放慢，我覺得這就是大自然的節奏！若能配合這樣的節奏，仔細謹慎地進行所有的作業，會讓察覺危險的能力變得更敏銳，進而減少受傷等危險發生的機會。融入大自然的方法有很多種，但是我覺得沒有一種活動能像野營這樣自然、有趣，透過遊玩就能實現的。希望讀者們看了本書之後，能以輕鬆愉快的心情加入野營的行列，不用刻意勉強，順其自然就好。', 4, 0, 0, '2021-06-28', '2021-06-28 15:34:14', '2021-07-02 18:00:01'),
(35, '新手必修的登山露營課', 'item_20210628110123.jpg', 'C小編', '為什麼學會「露營」這麼重要？只要有露營裝備，即使預約不到山屋也能有地方住宿，任何緊急時刻都能保住性命。一般旅行都要規劃個老半天，如果你擁有紮營技能，帶上設備就能立刻出發，再也不用搶三個月前訂位！首度公開專家才知道的露營訣竅，讓你的野外宿營比躺在家裡更舒服！\r\n\r\n一輩子受用！搭帳篷的4大重點\r\n 1. 紮營雷區要避掉：優先選擇平坦且無傾斜的地面，低處、窪地與河川附近有溪水暴漲危機，懸崖下方的位置很可能有落石，此類區域都要避免。\r\n 2. 事前整地有技巧：帳篷下面若有石頭或樹枝，睡覺時背部容易感到不適，請事先去除乾淨。\r\n 3. 營釘種類很重要：營釘是搭起帳篷必不可少的工具，要根據不同的用途和地面狀況選用營釘，下釘的角度及深度更是提升帳篷穩定度的關鍵。\r\n 4. 防水工具不能少：為了隔絕濕氣，攤開帳篷前要先鋪上防潮地布；下雨時，將登山杖墊在帳篷外面兩側下方，抬高地布的邊緣，雨水就不會流進來。\r\n\r\n所謂的「登山露營」，是指什麼樣的登山型態呢？跟一般的郊山健行有什麼不同？在這之前，我們要先來探討什麼是「登山」。登山大致上分為兩種，一種是按照既有登山路線行走的健行（Trekking），或是以阿爾卑斯式攀登的方式（Alpine Climbing）在無既定路線的岩壁上攀登。不論是哪一種型式，都和一般的散步不同，因為登山包含了冒險的要素。如果可以的話，必須盡可能靠自己的力量完成，這也是登山前必須要擁有的基本態度。登山露營是將登山期間所需要的食衣住行全部揹在身上，不靠任何外部的力量達到目的，因此與一般登山相比，所需要學習的技能更多，危險性也較高。不過，我認為，揹帳篷登山才是登山應有的樣貌。日本是一個登山環境非常友善的國家，周邊環境與配套措施完善，受歡迎的登山地區大部分都備有山屋，也有路徑明確的登山步道。新手可以從入住山屋開始練習，或是夜宿帳篷、在山屋裡準備伙食，選擇這種折衷的方式，不必一開始就過於勉強自己，挑戰高難度的全自助登山行程。配合自己的體能與登山技巧，慢慢地提升難度，一邊體驗登山露營的樂趣，在不破壞山林的前提下，利用現有的環境，在山裡盡情享受遠離塵囂的大自然吧！本書集結了登山露營所必備的知識與技術，以及我個人的登山經驗分享，希望能讓大家對登山露營有正確的認識，並勇於開啟人生第一次的登山露營。', 2, 0, 0, '2021-06-28', '2021-06-28 17:01:23', '2021-07-02 18:00:06'),
(56, '這次，來個不一樣的夏天! 夏日風格選品提案', 'item_20210704083341.jpg', 'A小編', '戶外Party，正要展開！不管是三五好友或是全家同行，一定要能夠望著滿天的星星，聆聽大自然的聲音，被雲霧所包圍、被綠意所圍繞，遠離城市的煩囂。孩子終於放開手腳奔跑，然後安然入睡。原來腳踩在土地上是這種感覺，原來非電子的天籟是那麼動聽！原來保留在記憶中的美好能夠延續好久好久。\r\n▌聰明準備露營裝備\r\n\r\n新手要準備裝備的原則其實很簡單，那就是「家裡能用的就用、能借的就不要買」。一開始就澆熄你想要購買裝備的慾望，其實真的只是希望你先體驗露營、並了解露營，在經過一次、兩次之後，評估自己真的喜歡露營、且願意花錢投資裝備時，再來考量進階和升級。所以，不要一開始就先衝動購買喔！\r\n\r\n▌入門與進階需求不同\r\n\r\n出門露營要準備的東西很多，主要目的是可以提高露營的舒適度和方便性。基本的露營裝備，包含帳篷類、工具類、寢具類、煮食類、燈具類，其他還有桌椅、衣物、個人盥洗用品、食材等。不過露得越久、裝備也會越來越簡化和輕量化，畢竟花在裝備上的時間越多，享受自然風景的時間就越少。接下來，我們會依逐項說明露營裝備前期及後期的準備與選擇。\r\n\r\n▌帳篷\r\n\r\n市面上的帳篷種類多元，形式、特色、價格也都不同，除了常見的穿骨式蒙古包帳外，現在還有隧道帳、快搭帳、印第安帳等多種類型的帳篷，價格也從大賣場的3000元到十幾萬元都有。\r\n\r\n新手建議可以從大賣場或露營用品店，先入手有內外帳設計的蒙古包帳，需注意帳篷空間大小，如6人帳建議睡4人最為舒適、4人帳則是睡2人較為剛好。如果不想購買，則可以到有租借裝備的戶外用品店借用，不過費用不見得會比較划算，但對純體驗的朋友來說，的確不失為一個保險的做法，或者就是跟一些老手借用。\r\n\r\n評估自身需求，再來挑選適合場地和季節天氣的帳篷，值得注意的是，每個國家對帳篷的設計，基本上都是按照該國的天氣環境來設計，因此是否完全適用台灣的環境，也要多加評估並加以補強。', 2, 0, 0, '2021-06-17', '2021-07-04 14:33:42', '2021-07-04 15:16:08');

-- --------------------------------------------------------

--
-- 資料表結構 `ataglist`
--

CREATE TABLE `ataglist` (
  `tagId` int(11) NOT NULL COMMENT '標籤編號',
  `tagName` varchar(50) COLLATE utf8mb4_unicode_ci NOT NULL COMMENT '標籤名稱',
  `created_at` datetime NOT NULL DEFAULT current_timestamp() COMMENT '新增時間',
  `updated_at` datetime NOT NULL DEFAULT current_timestamp() ON UPDATE current_timestamp() COMMENT '更新時間'
) ENGINE=InnoDB DEFAULT CHARSET=utf8mb4 COLLATE=utf8mb4_unicode_ci;

--
-- 傾印資料表的資料 `ataglist`
--

INSERT INTO `ataglist` (`tagId`, `tagName`, `created_at`, `updated_at`) VALUES
(1, '#春', '2021-05-10 21:42:06', '2021-07-13 00:36:54'),
(2, '#夏', '2021-05-10 21:42:06', '2021-07-13 00:36:58'),
(3, '#秋', '2021-05-10 21:43:28', '2021-07-13 00:37:05'),
(4, '#冬', '2021-05-10 21:43:28', '2021-07-13 00:37:10'),
(5, '#低海拔', '2021-05-10 21:44:23', '2021-07-13 00:37:24'),
(6, '#高海拔', '2021-05-10 21:44:23', '2021-07-13 00:37:32'),
(7, '#家庭', '2021-05-10 21:45:21', '2021-07-13 00:37:56'),
(8, '#親子', '2021-05-10 21:45:21', '2021-07-13 00:37:59'),
(9, '#情侶', '2021-05-10 21:46:31', '2021-07-13 00:38:03'),
(10, '#團體', '2021-05-10 21:46:31', '2021-07-13 00:38:09'),
(11, '#獨享', '2021-07-13 00:38:44', '2021-07-13 00:39:06'),
(12, '#焚火', '2021-05-13 15:55:41', '2021-07-13 00:39:23'),
(13, '#模組化', '2021-07-13 00:42:04', '2021-07-13 00:42:04'),
(14, '#輕巧', '2021-07-13 00:42:04', '2021-07-13 00:42:04'),
(15, '#快速收納', '2021-07-13 00:42:04', '2021-07-13 00:42:04'),
(16, '#小空間', '2021-07-13 00:42:04', '2021-07-13 00:42:04'),
(17, '#大空間', '2021-07-13 00:42:04', '2021-07-13 00:42:04'),
(18, '#奢華', '2021-07-13 00:42:04', '2021-07-13 00:42:04'),
(19, '#清新', '2021-07-13 00:42:04', '2021-07-13 00:42:04'),
(20, '#波希米亞', '2021-07-13 00:42:04', '2021-07-13 00:42:04'),
(21, '#網美風', '2021-07-13 00:42:04', '2021-07-13 00:42:04'),
(22, '#炭烤', '2021-07-13 00:42:04', '2021-07-13 00:42:04'),
(23, '#野餐', '2021-07-13 00:45:15', '2021-07-13 00:45:15'),
(24, '#輕食', '2021-07-13 00:45:15', '2021-07-13 00:45:15'),
(25, '#酒', '2021-07-13 00:45:15', '2021-07-13 00:45:15'),
(26, '#鍋物', '2021-07-13 00:45:15', '2021-07-13 00:45:15'),
(27, '#儀式感', '2021-07-13 00:45:15', '2021-07-13 00:45:15'),
(28, '#野外餐桌', '2021-07-13 00:45:15', '2021-07-13 00:45:15'),
(29, '#柔軟', '2021-07-13 00:45:15', '2021-07-13 00:45:15'),
(30, '#舒眠', '2021-07-13 00:45:15', '2021-07-13 00:45:15'),
(31, '#禦寒', '2021-07-13 00:45:15', '2021-07-13 00:45:15'),
(32, '#涼爽', '2021-07-13 00:45:15', '2021-07-13 00:45:15'),
(43, '#野炊', '2021-07-13 00:52:59', '2021-07-13 00:52:59'),
(44, '#女生派對', '2021-07-13 00:52:59', '2021-07-13 00:52:59'),
(45, '#派對', '2021-07-13 00:52:59', '2021-07-13 00:52:59'),
(46, '#周末', '2021-07-13 00:52:59', '2021-07-13 00:52:59'),
(47, '#微旅行', '2021-07-13 00:52:59', '2021-07-13 00:52:59'),
(48, '#硬派', '2021-07-13 00:52:59', '2021-07-13 00:52:59'),
(49, '#新手', '2021-07-13 00:52:59', '2021-07-13 00:52:59'),
(50, '#深度探索', '2021-07-13 00:52:59', '2021-07-13 00:52:59'),
(51, '#驅蚊', '2021-07-13 00:52:59', '2021-07-13 00:52:59'),
(52, '#賞景', '2021-07-13 00:52:59', '2021-07-13 00:52:59'),
(53, '#日式', '2021-07-13 00:52:59', '2021-07-13 00:52:59'),
(54, '#美式', '2021-07-13 00:52:59', '2021-07-13 00:52:59'),
(55, '#親水', '2021-07-13 00:52:59', '2021-07-13 00:52:59'),
(56, '#氣氛', '2021-07-13 00:52:59', '2021-07-13 00:52:59'),
(57, '#大草皮', '2021-07-13 00:52:59', '2021-07-13 00:52:59');

-- --------------------------------------------------------

--
-- 資料表結構 `atagmap`
--

CREATE TABLE `atagmap` (
  `tmId` int(11) NOT NULL COMMENT '標籤索引編號',
  `tagId` int(11) NOT NULL COMMENT '標籤編號',
  `aId` int(11) NOT NULL COMMENT '文章編號',
  `pId` varchar(11) COLLATE utf8mb4_unicode_ci NOT NULL COMMENT '物品列表',
  `obj` int(11) NOT NULL COMMENT '類別',
  `created_at` datetime NOT NULL DEFAULT current_timestamp() COMMENT '新增時間',
  `updated_at` datetime NOT NULL DEFAULT current_timestamp() ON UPDATE current_timestamp() COMMENT '更新時間'
) ENGINE=InnoDB DEFAULT CHARSET=utf8mb4 COLLATE=utf8mb4_unicode_ci;

--
-- 傾印資料表的資料 `atagmap`
--

INSERT INTO `atagmap` (`tmId`, `tagId`, `aId`, `pId`, `obj`, `created_at`, `updated_at`) VALUES
(1, 1, 2, '0', 1, '2021-05-10 22:19:45', '2021-05-13 21:35:27'),
(2, 3, 2, '0', 1, '2021-05-10 22:19:45', '2021-05-13 21:35:47'),
(3, 4, 11, '0', 1, '2021-05-10 22:20:17', '2021-05-13 21:35:47'),
(4, 7, 11, '0', 1, '2021-05-10 22:20:17', '2021-05-13 21:35:47'),
(5, 2, 15, '0', 1, '2021-05-10 22:20:56', '2021-05-13 21:35:47'),
(6, 5, 15, '0', 1, '2021-05-10 22:20:56', '2021-05-13 21:35:47'),
(7, 6, 14, '0', 1, '2021-05-10 22:21:15', '2021-05-13 21:35:47'),
(8, 7, 13, '0', 1, '2021-05-10 22:21:15', '2021-05-13 21:35:47'),
(9, 8, 9, '0', 1, '2021-05-10 22:21:32', '2021-05-13 21:35:47'),
(10, 9, 10, '0', 1, '2021-05-10 22:21:32', '2021-05-13 21:35:47'),
(11, 10, 4, '0', 1, '2021-05-10 22:22:42', '2021-05-13 21:35:47'),
(12, 10, 12, '0', 1, '2021-05-10 22:22:42', '2021-05-13 21:35:47'),
(13, 6, 7, '0', 1, '2021-05-10 22:23:10', '2021-05-13 21:35:47'),
(14, 9, 6, '0', 1, '2021-05-10 22:23:10', '2021-05-13 21:35:47'),
(15, 1, 3, '0', 1, '2021-05-10 22:25:17', '2021-05-13 21:35:47'),
(16, 3, 8, '0', 1, '2021-05-10 22:25:17', '2021-05-13 21:35:47'),
(17, 10, 3, '0', 1, '2021-05-10 22:31:23', '2021-05-13 21:35:47'),
(18, 7, 3, '0', 1, '2021-05-10 22:31:23', '2021-05-13 21:35:47'),
(19, 6, 4, '0', 1, '2021-05-10 22:31:56', '2021-05-13 21:35:47'),
(20, 3, 6, '0', 1, '2021-05-10 22:31:56', '2021-05-13 21:35:47'),
(21, 5, 7, '0', 1, '2021-05-10 22:32:23', '2021-05-13 21:35:47'),
(22, 7, 8, '0', 1, '2021-05-10 22:32:23', '2021-05-13 21:35:47'),
(23, 1, 9, '0', 1, '2021-05-10 22:32:52', '2021-05-13 21:35:47'),
(24, 2, 9, '0', 1, '2021-05-10 22:32:52', '2021-05-13 21:35:47'),
(25, 2, 11, '0', 1, '2021-05-10 22:33:27', '2021-05-13 21:35:47'),
(26, 5, 12, '0', 1, '2021-05-10 22:33:27', '2021-05-13 21:35:47'),
(27, 10, 13, '0', 1, '2021-05-10 22:34:11', '2021-05-13 21:35:47'),
(28, 9, 14, '0', 1, '2021-05-10 22:34:11', '2021-05-13 21:35:47'),
(29, 2, 22, '0', 1, '2021-05-11 23:42:22', '2021-05-13 21:35:47'),
(30, 4, 22, '0', 1, '2021-05-11 23:42:22', '2021-05-13 21:35:47'),
(31, 8, 22, '0', 1, '2021-05-11 23:42:51', '2021-05-13 21:35:47'),
(32, 4, 21, '0', 1, '2021-05-11 23:42:51', '2021-05-13 21:35:47'),
(33, 9, 24, '0', 1, '2021-05-11 23:43:22', '2021-05-13 21:35:47'),
(34, 10, 24, '0', 1, '2021-05-11 23:43:22', '2021-05-13 21:35:47'),
(35, 7, 25, '0', 1, '2021-05-11 23:43:51', '2021-05-13 21:35:47'),
(36, 4, 25, '0', 1, '2021-05-11 23:43:51', '2021-05-13 21:35:47'),
(40, 5, 0, '0', 2, '2021-05-13 22:06:31', '2021-05-13 22:06:31'),
(42, 1, 0, '27', 2, '2021-05-13 22:43:01', '2021-05-13 22:43:01'),
(43, 2, 0, '1', 2, '2021-05-13 22:43:01', '2021-05-14 09:30:11'),
(44, 7, 0, '2', 2, '2021-05-13 22:43:01', '2021-05-13 23:28:20'),
(45, 8, 0, '3', 2, '2021-05-13 23:14:02', '2021-05-13 23:28:25'),
(46, 9, 0, '4', 2, '2021-05-13 23:14:02', '2021-05-13 23:28:30'),
(47, 9, 0, '5', 2, '2021-05-13 23:14:02', '2021-05-13 23:28:36'),
(48, 1, 0, '6', 2, '2021-05-13 23:14:02', '2021-05-13 23:28:41'),
(49, 2, 0, '7', 2, '2021-05-13 23:14:02', '2021-05-13 23:14:02'),
(50, 7, 0, '8', 2, '2021-05-13 23:14:02', '2021-05-13 23:28:49'),
(51, 2, 0, '9', 2, '2021-05-13 23:14:02', '2021-05-13 23:14:02'),
(52, 3, 0, '10', 2, '2021-05-13 23:14:02', '2021-05-13 23:29:00'),
(53, 3, 0, '11', 2, '2021-05-13 23:14:02', '2021-05-13 23:29:08'),
(54, 2, 0, '12', 2, '2021-05-13 23:14:02', '2021-05-13 23:29:38'),
(55, 10, 0, '13', 2, '2021-05-13 23:14:02', '2021-05-13 23:29:16'),
(56, 10, 0, '14', 2, '2021-05-13 23:14:02', '2021-05-13 23:29:20'),
(57, 6, 0, '15', 2, '2021-05-13 23:14:02', '2021-05-13 23:29:26'),
(58, 2, 0, '16', 2, '2021-05-13 23:14:02', '2021-05-13 23:14:02'),
(59, 2, 0, '17', 2, '2021-05-13 23:14:02', '2021-05-13 23:14:02'),
(60, 2, 0, '18', 2, '2021-05-13 23:14:02', '2021-05-13 23:14:02'),
(61, 2, 0, '19', 2, '2021-05-13 23:14:02', '2021-05-13 23:14:02'),
(62, 2, 0, '20', 2, '2021-05-13 23:14:02', '2021-05-13 23:14:02'),
(63, 3, 0, '21', 2, '2021-05-13 23:14:02', '2021-05-13 23:27:45'),
(64, 2, 0, '22', 2, '2021-05-13 23:14:02', '2021-05-13 23:14:02'),
(65, 4, 0, '23', 2, '2021-05-13 23:14:02', '2021-05-13 23:38:23'),
(66, 2, 0, '24', 2, '2021-05-13 23:14:02', '2021-05-13 23:14:02'),
(67, 2, 0, '25', 2, '2021-05-13 23:14:02', '2021-05-13 23:14:02'),
(68, 2, 0, '26', 2, '2021-05-13 23:14:02', '2021-05-13 23:14:02'),
(69, 2, 0, '27', 2, '2021-05-13 23:14:02', '2021-05-13 23:14:02'),
(70, 2, 0, '28', 2, '2021-05-13 23:14:02', '2021-05-13 23:14:02'),
(71, 4, 0, '23', 2, '2021-05-13 23:38:09', '2021-05-13 23:38:09'),
(72, 1, 0, '24', 2, '2021-05-14 11:02:20', '2021-05-14 11:02:20'),
(73, 5, 31, '0', 1, '2021-06-28 16:06:02', '2021-06-28 16:06:02'),
(74, 7, 31, '0', 1, '2021-06-28 16:06:02', '2021-06-28 16:06:02'),
(75, 3, 32, '0', 1, '2021-06-28 16:07:27', '2021-06-28 16:07:27'),
(76, 10, 32, '0', 1, '2021-06-28 16:07:27', '2021-06-28 16:07:27'),
(77, 6, 33, '0', 1, '2021-06-28 16:09:37', '2021-06-28 16:09:37'),
(78, 4, 33, '0', 1, '2021-06-28 16:09:37', '2021-06-28 16:09:37'),
(79, 1, 34, '0', 1, '2021-06-28 16:11:13', '2021-06-28 16:11:13'),
(80, 9, 34, '0', 1, '2021-06-28 16:11:13', '2021-06-28 16:11:13'),
(81, 10, 35, '0', 1, '2021-06-28 17:02:56', '2021-06-28 17:02:56'),
(82, 6, 35, '0', 1, '2021-06-28 17:02:56', '2021-06-28 17:02:56'),
(83, 4, 56, '0', 1, '2021-07-08 11:24:33', '2021-07-08 11:25:40'),
(84, 10, 56, '0', 1, '2021-07-08 11:24:33', '2021-07-08 11:24:33'),
(85, 6, 56, '0', 1, '2021-07-08 11:24:37', '2021-07-08 11:24:37'),
(86, 9, 56, '0', 1, '2021-07-08 11:24:37', '2021-07-08 11:25:35');

-- --------------------------------------------------------

--
-- 資料表結構 `productcategory`
--

CREATE TABLE `productcategory` (
  `id` int(11) NOT NULL,
  `cat_id` varchar(10) COLLATE utf8mb4_unicode_ci NOT NULL,
  `cat_name` varchar(50) COLLATE utf8mb4_unicode_ci NOT NULL,
  `created_at` timestamp NOT NULL DEFAULT current_timestamp() COMMENT '新增時間',
  `updated_at` timestamp NOT NULL DEFAULT current_timestamp() ON UPDATE current_timestamp() COMMENT '修改時間'
) ENGINE=InnoDB DEFAULT CHARSET=utf8mb4 COLLATE=utf8mb4_unicode_ci;

--
-- 傾印資料表的資料 `productcategory`
--

INSERT INTO `productcategory` (`id`, `cat_id`, `cat_name`, `created_at`, `updated_at`) VALUES
(18, 'A', '帳篷/天幕', '2021-05-12 08:29:47', '2021-07-10 15:33:46'),
(20, 'B', '桌椅/戶外家具', '2021-05-12 08:30:06', '2021-07-10 15:34:44'),
(21, 'C', '寢具/睡袋', '2021-05-12 08:34:38', '2021-07-10 15:40:00'),
(22, 'D', '火盆/炊具', '2021-05-12 08:34:45', '2021-07-10 15:40:00'),
(23, 'E', '餐廚具', '2021-05-13 01:27:41', '2021-07-10 15:40:00'),
(24, 'F', '燈具/飾品', '2021-05-13 01:27:50', '2021-07-10 15:40:00'),
(25, 'G', '其他類', '2021-05-13 01:27:57', '2021-07-10 15:40:00');

-- --------------------------------------------------------

--
-- 資料表結構 `productinfo`
--

CREATE TABLE `productinfo` (
  `cat_id` varchar(5) COLLATE utf8mb4_unicode_ci NOT NULL COMMENT '商品分類編號',
  `product_id` int(5) UNSIGNED ZEROFILL NOT NULL COMMENT '商品編號',
  `product_mtr` varchar(50) COLLATE utf8mb4_unicode_ci NOT NULL COMMENT '商品材質',
  `product_pack` varchar(150) COLLATE utf8mb4_unicode_ci NOT NULL COMMENT '內容物',
  `product_cid` int(11) NOT NULL COMMENT '商品介紹文代碼',
  `product_packsize` varchar(50) COLLATE utf8mb4_unicode_ci NOT NULL COMMENT '商品包裝尺寸',
  `product_fullsize` varchar(50) COLLATE utf8mb4_unicode_ci NOT NULL COMMENT '商品本體尺寸',
  `product_weight` int(11) NOT NULL COMMENT '重量',
  `product_person` int(11) NOT NULL COMMENT '最大使用人數',
  `tag_id` int(11) NOT NULL COMMENT '預留tag',
  `created_at` timestamp NOT NULL DEFAULT current_timestamp() COMMENT '建立日期',
  `updated_at` timestamp NOT NULL DEFAULT current_timestamp() COMMENT '更新日期'
) ENGINE=InnoDB DEFAULT CHARSET=utf8mb4 COLLATE=utf8mb4_unicode_ci;

--
-- 傾印資料表的資料 `productinfo`
--

INSERT INTO `productinfo` (`cat_id`, `product_id`, `product_mtr`, `product_pack`, `product_cid`, `product_packsize`, `product_fullsize`, `product_weight`, `product_person`, `tag_id`, `created_at`, `updated_at`) VALUES
('', 00000, '', '', 0, '', '', 0, 0, 0, '2021-05-11 03:09:06', '2021-05-11 03:09:06');

-- --------------------------------------------------------

--
-- 資料表結構 `productlist`
--

CREATE TABLE `productlist` (
  `cat_id` varchar(10) COLLATE utf8mb4_unicode_ci NOT NULL COMMENT '商品分類編號',
  `product_id` int(5) UNSIGNED ZEROFILL NOT NULL COMMENT '商品編號',
  `product_name` varchar(50) COLLATE utf8mb4_unicode_ci NOT NULL COMMENT '商品名稱',
  `product_summary` varchar(255) COLLATE utf8mb4_unicode_ci NOT NULL COMMENT '商品短述',
  `product_desc` varchar(255) COLLATE utf8mb4_unicode_ci NOT NULL COMMENT '商品長述',
  `product_img` varchar(50) COLLATE utf8mb4_unicode_ci NOT NULL COMMENT '商品主圖(預留)',
  `product_oimg` varchar(255) COLLATE utf8mb4_unicode_ci NOT NULL,
  `product_cimg` varchar(255) COLLATE utf8mb4_unicode_ci NOT NULL COMMENT '卡片用圖片',
  `product_ocimg` varchar(255) COLLATE utf8mb4_unicode_ci NOT NULL COMMENT '卡片用線上圖片',
  `tag_id` int(11) NOT NULL COMMENT '主TAG',
  `product_price` int(11) NOT NULL COMMENT '價格',
  `product_rate` int(11) NOT NULL COMMENT '評分',
  `qty` int(11) NOT NULL COMMENT '臨時性DEMO數量',
  `state` int(11) NOT NULL COMMENT '物品狀態',
  `created_at` timestamp NOT NULL DEFAULT current_timestamp() COMMENT '建立日期',
  `updated_at` timestamp NOT NULL DEFAULT current_timestamp() ON UPDATE current_timestamp() COMMENT '更新日期'
) ENGINE=InnoDB DEFAULT CHARSET=utf8mb4 COLLATE=utf8mb4_unicode_ci COMMENT='商品清單';

--
-- 傾印資料表的資料 `productlist`
--

INSERT INTO `productlist` (`cat_id`, `product_id`, `product_name`, `product_summary`, `product_desc`, `product_img`, `product_oimg`, `product_cimg`, `product_ocimg`, `tag_id`, `product_price`, `product_rate`, `qty`, `state`, `created_at`, `updated_at`) VALUES
('A', 00001, 'Minute Dome Pro. air 1 (SSD-712)', '經典熱門主帳組合', '經典暢銷主帳組', '20210712102540.jpg', 'https://i3.mkgo.net/images/products/20210712102540.jpg', '20210712102707.jpg', 'https://i3.mkgo.net/images/products/20210712102707.jpg', 1, 10, 4, 10, 0, '2021-05-13 01:32:49', '2021-07-12 08:27:06'),
('A', 00002, 'Landbreeze寢室帳 Pro.1 (SD-641)', '家庭露營好選擇', '帳篷本體、本體營柱長（x2）、本體營柱（x1）、前庭營柱（x1）、標準鋁質營釘（17cm x 16）', '20210513033354.jpg', 'https://i3.mkgo.net/images/products/20210513033354.jpg', '20210712102846.jpg', 'https://i3.mkgo.net/images/products/20210712102846.jpg', 1, 2000, 4, 5, 0, '2021-05-13 01:33:52', '2021-07-12 08:28:44'),
('A', 00003, 'Landbreeze寢室帳 Pro.3 (SD-643)', '耐風耐雨的居住空間', '外帳／75D滌塔夫防撕裂布、PU塗層最低耐水壓1,800mm、鐵氟龍撥水加工、抗UV加工；內帳／68', '20210513033524.jpg', 'https://i3.mkgo.net/images/products/20210513033524.jpg', '20210712124154.jpg', 'https://i3.mkgo.net/images/products/20210712124154.jpg', 1, 3000, 3, 10, 0, '2021-05-13 01:35:21', '2021-07-12 10:41:51'),
('A', 00004, 'Landbreeze寢室帳 Pro.4 (SD-644)', '4-6人大帳', '外帳／75D滌塔夫防撕裂布、PU塗層最低耐水壓1,800mm、鐵氟龍撥水加工、抗UV加工；內帳／68', '20210513033555.jpg', 'https://i3.mkgo.net/images/products/20210513033555.jpg', '20210712103760.jpg', 'https://i3.mkgo.net/images/products/20210712103760.jpg', 1, 5000, 4, 5, 0, '2021-05-13 01:35:51', '2021-07-12 08:37:56'),
('A', 00005, 'Amenity Dome 寢室帳 S (SDE-002RH)', '輕便兩人組合', '情侶熱租組，適合兩人', '20210513033657.jpg', 'https://i3.mkgo.net/images/products/20210513033657.jpg', '20210712122255.jpg', 'https://i3.mkgo.net/images/products/20210712122255.jpg', 1, 2500, 4, 10, 0, '2021-05-13 01:36:39', '2021-07-12 10:22:50'),
('A', 00006, 'Amenity Dome 寢室帳 M (SDE-001RH)', '經典大型寢室帳', '防潑水防風', '20210513033740.jpg', 'https://i3.mkgo.net/images/products/20210513033740.jpg', '20210712122449.jpg', 'https://i3.mkgo.net/images/products/20210712122449.jpg', 1, 3000, 4, 5, 0, '2021-05-13 01:37:34', '2021-07-12 10:24:43'),
('A', 00007, 'Amenity Dome 寢室帳 L (SDE-003RH)', '經典大型寢室帳', '經典大型寢室', '20210513033740.jpg', 'https://i3.mkgo.net/images/products/20210513033740.jpg', '20210712122622.jpg', 'https://i3.mkgo.net/images/products/20210712122622.jpg', 10, 5000, 0, 5, 0, '2021-05-13 01:38:11', '2021-07-12 10:26:15'),
('A', 00008, 'Snowpeak拱型帳 (SDE-080H)', '快速搭設，簡易速成', '特殊款', '20210513033848.jpg', 'https://i3.mkgo.net/images/products/20210513033848.jpg', '20210712122708.jpg', 'https://i3.mkgo.net/images/products/20210712122708.jpg', 1, 3500, 4, 5, 0, '2021-05-13 01:38:40', '2021-07-12 10:27:00'),
('A', 00009, 'HD 六角蝶形天幕 Pro. 焚火內掛頂布 (TP-250IR)', '美型天幕，方便使用焚火台', 'HD 六角蝶形天幕 Pro. 焚火內掛頂布，可與TP-250，TP-250R，TP-265和TP-2', '20210513034012.jpg', 'https://i3.mkgo.net/images/products/20210513034012.jpg', '20210712164667.jpg', 'https://i3.mkgo.net/images/products/20210712164667.jpg', 1, 1500, 3, 7, 0, '2021-05-13 01:40:03', '2021-07-12 14:46:58'),
('A', 00010, '焚火方形天幕帳 (TP-430)', '舒適與機能的最佳選擇', '人群聚集在露營場中央，舒適地圍著焚火，這就是露營的魅力 。', '20210513034046.jpg', 'https://i3.mkgo.net/images/products/20210513034046.jpg', '20210712164911.jpg', 'https://i3.mkgo.net/images/products/20210712164911.jpg', 1, 1500, 4, 8, 0, '2021-05-13 01:40:36', '2021-07-12 14:49:01'),
('A', 00011, 'HD 六角蝶形天幕 Pro. (TP-250R)', '大型客廳帳，隨時分享', 'Living Shell 客廳帳 六角蝶形天幕 Pro.', '20210513034116.jpg', 'https://i3.mkgo.net/images/products/20210513034116.jpg', '20210712165013.jpg', 'https://i3.mkgo.net/images/products/20210712165013.jpg', 1, 2000, 0, 5, 0, '2021-05-13 01:41:05', '2021-07-12 14:50:02'),
('A', 00012, '方形天幕 M (TP-841)', '全家大小最方便的選擇', '高度泛用性的長方形，具有多樣的搭營方式', '20210513034140.jpg', 'https://i3.mkgo.net/images/products/20210513034140.jpg', '20210712165054.jpg', 'https://i3.mkgo.net/images/products/20210712165054.jpg', 1, 1200, 3, 2, 0, '2021-05-13 01:41:28', '2021-07-12 14:50:42'),
('A', 00013, '紗網客廳帳 (TP-925)', '新手入門最佳選擇', ' 入門級客廳帳全新改款，讓搭設更簡單！', '20210513034251.jpg', 'https://i3.mkgo.net/images/products/20210513034251.jpg', '20210712165144.jpg', 'https://i3.mkgo.net/images/products/20210712165144.jpg', 1, 2000, 5, 10, 0, '2021-05-13 01:42:38', '2021-07-12 14:51:31'),
('A', 00014, '大地帳 Pro.L (TP-450)', '大空間需求最佳選擇', '多人活動最佳選擇', '20210513034558.jpg', 'https://i3.mkgo.net/images/products/20210513034558.jpg', '20210712165221.jpg', 'https://i3.mkgo.net/images/products/20210712165221.jpg', 1, 4790, 4, 2, 0, '2021-05-13 01:45:44', '2021-07-12 14:52:07'),
('D', 00015, '焚火台M套裝組合', '享受火焰搖曳的魔力 - 焚火台', ' (SET-111) 享受火焰搖曳的魔力 - 焚火台', '20210513034739.jpg', 'https://i3.mkgo.net/images/products/20210513034739.jpg', '20210712170326.jpg', 'https://i3.mkgo.net/images/products/20210712170326.jpg', 1, 600, 4, 5, 0, '2021-05-13 01:47:24', '2021-07-12 16:23:04'),
('D', 00016, '焚火台-M燒烤框架', '須配合焚火台使用', ' (ST-033GBR)不鏽鋼', '20210513034826.jpg', 'https://i3.mkgo.net/images/products/20210513034826.jpg', '20210712170366.jpg', 'https://i3.mkgo.net/images/products/20210712170366.jpg', 1, 200, 0, 5, 0, '2021-05-13 01:48:10', '2021-07-12 16:23:18'),
('E', 00017, ' 酒筒-Titanium', '獨特日本酒外觀，可維持品質', '不鏽鋼酒筒，以日本傳統酒瓶為外觀，除了方便易拿，金屬製的瓶身也提供了高品質的保存條件。', '20210712170871.jpg', 'https://i3.mkgo.net/images/products/20210712170871.jpg', '20210712170626.jpg', 'https://i3.mkgo.net/images/products/20210712170626.jpg', 1, 100, 3, 2, 0, '2021-05-13 01:48:54', '2021-07-12 15:08:54'),
('E', 00018, 'Low chair 吊掛杯架 (UG-282)', '', '不銹鋼、聚酯纖維', '20210513034941.jpg', 'https://i3.mkgo.net/images/products/20210513034941.jpg', '20210712171018.jpg', 'https://i3.mkgo.net/images/products/20210712171018.jpg', 1, 50, 0, 15, 0, '2021-05-13 01:49:23', '2021-07-12 15:10:00'),
('F', 00019, '迷你戶外夜燈＂燈籠花果＂ 森林 ', '', '擁有可愛造型的多功能迷你夜燈', '20210513035020.jpg', 'https://i3.mkgo.net/images/products/20210513035020.jpg', '20210712171065.jpg', 'https://i3.mkgo.net/images/products/20210712171065.jpg', 1, 500, 0, 10, 0, '2021-05-13 01:50:01', '2021-07-12 15:10:46'),
('F', 00020, 'GP自動點火小型瓦斯燈 ', '', '可單手掌握的輕巧主體、輸出80W光亮的微型夜燈', '20210513035057.jpg', 'https://i3.mkgo.net/images/products/20210513035057.jpg', '20210712171232.jpg', 'https://i3.mkgo.net/images/products/20210712171232.jpg', 1, 200, 0, 5, 0, '2021-05-13 01:50:37', '2021-07-12 15:12:12'),
('B', 00021, '快速竹折和室桌S', '竹製輕巧圓桌', '桌板／竹集成材；腳架／耐酸鋁加工；支架／不鏽鋼；收納袋／尼龍', '20210513035141.jpg', 'https://i3.mkgo.net/images/products/20210513035141.jpg', '20210712165346.jpg', 'https://i3.mkgo.net/images/products/20210712165346.jpg', 1, 200, 3, 12, 0, '2021-05-13 01:51:20', '2021-07-12 14:53:25'),
('B', 00022, 'Take! 竹製收合椅', '使用竹製、鐵件及布料的結合', '使用竹製、鐵件及布料的結合的收縮椅，舒適的角度搭配有彈性竹製椅腳及堅固的鐵件，提供你慵懶舒適的體驗。', '20210712170229.jpg', 'https://i3.mkgo.net/images/products/20210712170229.jpg', '20210712170238.jpg', 'https://i3.mkgo.net/images/products/20210712170238.jpg', 1, 200, 3, 10, 0, '2021-05-13 01:51:47', '2021-07-12 15:02:16'),
('B', 00023, '快速竹折桌', '一個動作即可快速收折', '快速竹折桌採用完全創新的收折系統，只要將對折狀態的桌板打開，桌腳就會自動立起，有如立體書般美觀且操作', '20210712171968.jpg', 'https://i3.mkgo.net/images/products/20210712171968.jpg', '20210712171952.jpg', 'https://i3.mkgo.net/images/products/20210712171952.jpg', 6, 300, 4, 10, 0, '2021-07-12 15:19:10', '2021-07-12 15:38:01'),
('B', 00024, '快速竹折桌(加長)', '充滿機能美的竹材摺疊桌', '快速竹折桌採用完全創新的收折系統，只要將對折狀態的桌板打開，桌腳就會自動立起，有如立體書般美觀令人驚', '20210712172260.jpg', '', '20210712172349.jpg', 'https://i3.mkgo.net/images/products/20210712172349.jpg', 1, 400, 4, 10, 0, '2021-07-12 15:22:36', '2021-07-12 15:38:07'),
('B', 00025, '個人快速竹折桌', '一人用竹折桌', '與經典竹製桌相同，快速展開就能享用個人桌面，輕巧方便攜帶。', '20210712172777.jpg', '', '20210712172833.jpg', 'https://i3.mkgo.net/images/products/20210712172833.jpg', 1, 200, 3, 10, 0, '2021-07-12 15:27:52', '2021-07-12 15:38:11'),
('B', 00026, 'My Table 不鏽鋼折桌', '模組化的不鏽鋼折桌', '經典暢銷不鏽鋼折桌，提把設計方便攜帶，同時提供置物空間及掛杯空間，是不可或缺的好幫手。', '20210712173265.jpg', '', '20210712173277.jpg', 'https://i3.mkgo.net/images/products/20210712173277.jpg', 1, 200, 4, 10, 0, '2021-07-12 15:32:39', '2021-07-12 15:38:20'),
('B', 00027, '快速收納架 ', '原木快速收納架', '能快速找到所需的東西，適合室內外使用，原木桌板與金屬掛件，使用折疊式的機械設計，提供方便且易於拿取的', '20210712173759.jpg', '', '20210712173860.jpg', 'https://i3.mkgo.net/images/products/20210712173860.jpg', 1, 500, 4, 10, 0, '2021-07-12 15:37:32', '2021-07-12 15:38:39'),
('B', 00028, '庭園餐桌組(IGT系統)', '木桌及小桌板組合(重型)', '模組化設計的田園餐桌組合，可搭配燒烤設備於中央使用，或是當作長桌使用，同時耐用的木製桌板，可拆卸式的', '20210712174287.jpg', '', '20210712174348.jpg', 'https://i3.mkgo.net/images/products/20210712174348.jpg', 1, 700, 3, 10, 0, '2021-07-12 15:42:59', '2021-07-12 15:43:20'),
('B', 00029, '折疊椅-寬版紅', '加寬尺碼全新登場', '經典款折疊椅，款式相仿，具有帆布製的椅布與椅背。尺寸比以往更寬，坐起來更輕鬆愜意。椅背帶有角度設計，', '20210712174763.jpg', '', '20210712174774.jpg', 'https://i3.mkgo.net/images/products/20210712174774.jpg', 1, 200, 3, 10, 0, '2021-07-12 15:47:34', '2021-07-12 15:50:40'),
('C', 00030, '日式雙人睡墊組', '超越睡袋等級的舒適度', '內含羽絨被、睡墊，兩側與下側有可內翻的反摺處，在翻身時也不容易產生空隙，接近頭部的部分可配合季節或喜', '20210712175352.jpg', '', '20210712175362.jpg', 'https://i3.mkgo.net/images/products/20210712175362.jpg', 1, 500, 4, 10, 0, '2021-07-12 15:53:22', '2021-07-12 15:53:32'),
('C', 00031, '日式單人睡墊組', '舒適的個人睡眠體驗', '	內含羽絨被、睡墊，兩側與下側有可內翻的反摺處，在翻身時也不容易產生空隙，接近頭部的部分可配合季節或喜好往上翻摺，防止冷空氣從肩膀入侵。會與帳篷底部接觸的反摺處(咖啡色的部分)不是用羽絨布，改以化學纖維製成。', '20210712175740.jpg', 'https://i3.mkgo.net/images/products/20210712175740.jpg', '20210712175748.jpg', 'https://i3.mkgo.net/images/products/20210712175748.jpg', 1, 300, 4, 10, 0, '2021-07-12 15:56:51', '2021-07-12 15:58:56'),
('C', 00032, '方形露營睡袋', '以日式被褥為概念的睡袋', '「蓋被」與「鋪被」可分離的系統 藉著拉開兩側的拉鍊，可將「蓋被」和「鋪被」分離。可配合不同的狀況，使用各式各樣的組合。', '20210712180174.jpg', '', '20210712180258.jpg', 'https://i3.mkgo.net/images/products/20210712180258.jpg', 1, 150, 3, 10, 0, '2021-07-12 16:01:42', '2021-07-12 16:02:26'),
('C', 00033, '露營睡袋砂岩色', '熱門方便款', '在頭部的位置設計一個收納袋，塞入衣服後可以變成一個簡易的頭枕。在接近胸口的位置內附小小的口袋。可將手機放進此袋中，在夜晚的帳篷中也能輕鬆找到手機。收納袋壓縮設計，讓睡袋收進收納後，還可以再壓縮，縮小體積。', '20210712180469.jpg', 'https://i3.mkgo.net/images/products/20210712180469.jpg', '20210712180477.jpg', 'https://i3.mkgo.net/images/products/20210712180477.jpg', 1, 100, 4, 10, 0, '2021-07-12 16:04:21', '2021-07-12 16:04:44'),
('C', 00034, '露營充氣睡墊套', '快速舒適，易清潔', '聚酯纖維綿混紡布料，含收納袋的輕便好選擇。', '20210712180765.jpg', '', '20210712180783.jpg', 'https://i3.mkgo.net/images/products/20210712180783.jpg', 1, 150, 3, 10, 0, '2021-07-12 16:07:31', '2021-07-12 16:07:49'),
('D', 00035, '雙口烤肉爐(IGT模組)', '雙口烤肉爐 可安裝在IGT戶外餐廚組上使用', '(CK-160)本產品可使用可拆卸式的迴轉把手調整烤網高度，使難以掌控的炭火變得更容易控制。也可在兩側裝上腳架，享受桌上烤肉的樂趣。', '20210712181084.jpg', '', '20210712181136.jpg', 'https://i3.mkgo.net/images/products/20210712181136.jpg', 1, 250, 5, 10, 0, '2021-07-12 16:10:49', '2021-07-12 16:11:01'),
('D', 00036, '攜帶型烤爐(木柴用)', '可製作披薩或是炭烤', '通過使用木柴和使用木炭的烤箱烹飪，您可以製作出如同使用家用微波爐或木炭的 500°C 高溫的比薩。', '20210712181450.jpg', 'https://i3.mkgo.net/images/products/20210712181450.jpg', '20210712181459.jpg', 'https://i3.mkgo.net/images/products/20210712181459.jpg', 1, 400, 4, 10, 0, '2021-07-12 16:13:50', '2021-07-12 16:14:23'),
('D', 00037, '1/2深煎盤(模組)', '鋼板處理可煎物的模組煎盤', '2.0mm鋼板、經表面處理之黑皮鐵板製成，深度可輕易料理煎煮等等食材，需與模組搭配使用。', '20210712181672.jpg', '', '20210712181741.jpg', 'https://i3.mkgo.net/images/products/20210712181741.jpg', 1, 100, 3, 10, 0, '2021-07-12 16:16:35', '2021-07-12 16:17:04'),
('D', 00038, '烤爐桶炭盆', '需與烤爐搭配使用', '需與烤爐搭配使用', '20210712181896.jpg', '', '20210712181948.jpg', 'https://i3.mkgo.net/images/products/20210712181948.jpg', 1, 100, 2, 10, 0, '2021-07-12 16:18:58', '2021-07-12 16:19:10'),
('D', 00039, '烤爐桶', '需搭配炭盆使用', '(ST-091)多功能的烤爐桶，提供燒烤和烤箱的功能，享受各種佳餚。', '20210712182069.jpg', '', '20210712182171.jpg', 'https://i3.mkgo.net/images/products/20210712182171.jpg', 1, 500, 5, 10, 0, '2021-07-12 16:20:30', '2021-07-12 16:21:32'),
('D', 00040, '焚火台L套裝組合', '享受火焰搖曳的魔力 ', '(SET-112S)採用堅固的不鏽鋼素材製成。外型為倒四角錐狀。只需打開放在地上就能輕鬆完成設置。本產品亦可依尺寸選購專用的燒烤框架。可使用烤網或鐵板享受碳烤料理的樂趣。', '20210712182566.jpg', '', '20210712182593.jpg', 'https://i3.mkgo.net/images/products/20210712182593.jpg', 1, 300, 4, 10, 0, '2021-07-12 16:25:26', '2021-07-12 16:25:53'),
('E', 00041, '料理器具組', '附收納袋', '套裝組內容尼龍杓、尼龍鏟、鍋鏟、收納袋', '20210712182787.jpg', '', '20210712182841.jpg', 'https://i3.mkgo.net/images/products/20210712182841.jpg', 1, 50, 4, 10, 0, '2021-07-12 16:27:46', '2021-07-12 16:28:00'),
('D', 00042, 'Home & Camp 鍋具組', '新型態鍋具組戶外烹飪更輕鬆', '在家做好前置作業，便可將整鍋食材直接帶著走。  新型態鍋具組，讓您在戶外烹飪更輕鬆。', '20210712182968.jpg', '', '20210712182979.jpg', 'https://i3.mkgo.net/images/products/20210712182979.jpg', 1, 100, 4, 10, 0, '2021-07-12 16:29:26', '2021-07-12 16:29:37'),
('E', 00043, '土鍋膳', '豐富單身貴族或兩人生活的餐點', '不管是熱愛野遊的人還是不從事戶外活動的人，我們都希望讓各位的生活更加豐富，並且享受豐盛的餐點。土鍋具備高保溫性與遠紅外線效果，可以烹煮出美味Q彈的白飯。 因此我們打造了土鍋膳。', '20210712183147.jpg', '', '20210712183159.jpg', 'https://i3.mkgo.net/images/products/20210712183159.jpg', 1, 100, 4, 10, 0, '2021-07-12 16:31:04', '2021-07-12 16:31:16'),
('E', 00044, '日本鑄鐵鍋26\"', '極薄鑄鐵製荷蘭鍋', 'Snow Peak極薄鑄鐵製荷蘭鍋，源自於Snow Peak的家園—新潟縣燕三条地區，受惠於這裏優異的鑄造技術，我們以前所未有的概念研發出極薄鑄鐵荷蘭鍋系列產品。在鑄鐵器具的生產過程中，為了讓鑄件成型，必須使用砂模，然後將滾燙的鐵水注入砂模中。Snow Peak採用的鑄造成型技術，則是在製作砂模時加入人造樹脂，使砂模的表面更為光滑細緻，因此完成的鑄件表面格外優美而細膩，與過去的鑄鐵質感截然不同，不但材質堅韌富有彈性，而且比以前更薄更輕巧。厚度變薄、重量變輕，使用起來自然更輕鬆，對於冷熱衝擊（高溫狀態下急速', '20210712183363.jpg', '', '20210712183388.jpg', 'https://i3.mkgo.net/images/products/20210712183388.jpg', 1, 100, 4, 10, 0, '2021-07-12 16:33:19', '2021-07-12 16:33:44'),
('E', 00045, '圓型迷你鑄鐵鍋', '個人用迷你型球墨鑄鐵', '個人用迷你型球墨鑄鐵（耐熱矽膠塗裝)', '20210712190093.jpg', '', '20210712190103.jpg', 'https://i3.mkgo.net/images/products/20210712190103.jpg', 43, 50, 4, 10, 0, '2021-07-12 17:00:48', '2021-07-12 17:00:59'),
('E', 00046, '不鏽鋼煙燻盒', '不鏽鋼煙燻盒', '小巧型不鏽鋼煙燻盒，方便隨時製作煙燻料理，簡單易用。不鏽鋼材質，耐高溫可重複使用。 (CS-092) ', '20210712190547.jpg', '', '20210712190574.jpg', 'https://i3.mkgo.net/images/products/20210712190574.jpg', 22, 150, 4, 10, 0, '2021-07-12 17:05:01', '2021-07-12 17:05:28'),
('G', 00047, '耐熱三指手套', '耐熱手套', '(UG-024)牛皮、棉花、聚酯纖維', '20210712190781.jpg', '', '20210712190796.jpg', 'https://i3.mkgo.net/images/products/20210712190796.jpg', 22, 50, 4, 10, 0, '2021-07-12 17:07:34', '2021-07-12 17:07:49'),
('E', 00048, '折疊式三明治烤盤', '可製作火烤三明治', '不但可製作火烤三明治，還能享受創作甜點樂趣', '20210712190978.jpg', '', '20210712191000.jpg', 'https://i3.mkgo.net/images/products/20210712191000.jpg', 24, 50, 5, 20, 0, '2021-07-12 17:09:30', '2021-07-12 17:09:52'),
('E', 00049, '不鏽鋼露營咖啡壺', '沖煮香醇的咖啡', '不鏽鋼材質，煮出香濃的咖啡', '20210712193174.jpg', '', '20210712193661.jpg', 'https://i3.mkgo.net/images/products/20210712193661.jpg', 1, 50, 3, 10, 0, '2021-07-12 17:31:25', '2021-07-12 17:36:12'),
('E', 00050, 'MiniSolo 鈦金屬個人鍋', '鈦金屬個人鍋', '鈦金屬個人鍋', '20210712193462.jpg', '', '20210712193677.jpg', 'https://i3.mkgo.net/images/products/20210712193677.jpg', 23, 30, 4, 10, 0, '2021-07-12 17:34:12', '2021-07-12 17:36:27'),
('E', 00051, '不鏽鋼餐盤組-4人四件組', '不鏽鋼餐盤組', '不鏽鋼餐盤組', '20210712194155.jpg', '', '20210712194171.jpg', 'https://i3.mkgo.net/images/products/20210712194171.jpg', 28, 50, 3, 20, 0, '2021-07-12 17:41:04', '2021-07-12 17:41:20'),
('D', 00052, '焚火台 SR', '能夠緊湊折疊收納的小型焚火台', '橋的部份能放置1/2烤肉網(S-029HA)或是1/2深煎盤 (S-029HD)。 產品內付底板，防止焚火的熱和灰燼對場地造成損壞。', '20210712194385.jpg', '', '20210712194457.jpg', 'https://i3.mkgo.net/images/products/20210712194457.jpg', 12, 100, 4, 10, 0, '2021-07-12 17:43:33', '2021-07-12 17:44:05'),
('E', 00053, '派對盤組', '適合派對使用的餐盤', '適合派對使用的餐盤，附瀝水網可食用涼麵及食用沙拉', '20210712195302.jpg', '', '20210712195357.jpg', 'https://i3.mkgo.net/images/products/20210712195357.jpg', 45, 50, 4, 10, 0, '2021-07-12 17:52:49', '2021-07-12 17:53:04'),
('G', 00054, '強力達人鋼鎚II ', '木柄握把手感厚實，易掌握好操作', '高強度鐵鎚，擁有優異的擺動平衡 一體成形，鐵鎚頭重量適中 木柄握把手感厚實，易掌握好操作 頭部可拔釘設計，拔營好幫手', '20210712195673.jpeg', '', '20210712195771.jpg', 'https://i3.mkgo.net/images/products/20210712195771.jpg', 48, 100, 3, 20, 0, '2021-07-12 17:56:19', '2021-07-12 17:57:17'),
('F', 00055, '氣化燈', '翻蓋式限量原創收納燈盒', '經典重現氣化燈200B設計 翻蓋式限量原創收納燈盒', '20210712200088.jpg', '', '20210712200105.jpg', 'https://i3.mkgo.net/images/products/20210712200105.jpg', 48, 100, 4, 10, 0, '2021-07-12 18:00:33', '2021-07-12 18:00:50'),
('F', 00056, '290氣化大雙燈 ', ' 300燭光的絕佳明亮度', 'CM-0290JM000雙燈蕊氣化燈的超人氣商品 300燭光的絕佳明亮度', '20210712200410.jpg', 'https://i3.mkgo.net/images/products/20210712200410.jpg', '20210712200469.jpg', 'https://i3.mkgo.net/images/products/20210712200469.jpg', 54, 100, 4, 20, 0, '2021-07-12 18:03:30', '2021-07-12 18:04:13'),
('F', 00057, ' LED營燈200 綠橄欖', '尺寸小巧，最適合野外活動時使用', '防止電源關閉後過度放電並延長電池壽命 尺寸小巧，最適合野外活動時使用 暖光系色溫 防水性能：符合IPX4（可阻擋全方向液體噴灑）', '20210712201066.jpg', 'https://i3.mkgo.net/images/products/20210712201066.jpg', '20210712201559.jpg', 'https://i3.mkgo.net/images/products/20210712201559.jpg', 46, 50, 4, 10, 0, '2021-07-12 18:09:56', '2021-07-12 18:15:02');

-- --------------------------------------------------------

--
-- 資料表結構 `propertylist`
--

CREATE TABLE `propertylist` (
  `id` int(9) UNSIGNED ZEROFILL NOT NULL COMMENT '財產編號',
  `cat_id` varchar(255) COLLATE utf8mb4_unicode_ci NOT NULL COMMENT '商品類別',
  `product_id` int(5) NOT NULL COMMENT '商品ID',
  `state` int(11) NOT NULL COMMENT '狀態',
  `owner_id` int(11) NOT NULL COMMENT '目前商品位置',
  `order_no` int(11) NOT NULL COMMENT '對應訂單編號',
  `backtime` timestamp NOT NULL DEFAULT current_timestamp() ON UPDATE current_timestamp() COMMENT '預計在庫日期',
  `created_at` timestamp NOT NULL DEFAULT current_timestamp() COMMENT '建立日期',
  `updated_at` timestamp NOT NULL DEFAULT current_timestamp() ON UPDATE current_timestamp() COMMENT '修改日期'
) ENGINE=InnoDB DEFAULT CHARSET=utf8mb4 COLLATE=utf8mb4_unicode_ci COMMENT='財產清單';

-- --------------------------------------------------------

--
-- 資料表結構 `ptagmap`
--

CREATE TABLE `ptagmap` (
  `tmId` int(11) NOT NULL COMMENT '標籤索引編號',
  `tagId` int(11) NOT NULL COMMENT '標籤編號',
  `pId` int(5) UNSIGNED ZEROFILL NOT NULL COMMENT '物品編號',
  `obj` int(11) NOT NULL COMMENT '類別',
  `created_at` datetime NOT NULL DEFAULT current_timestamp() COMMENT '新增時間',
  `updated_at` datetime NOT NULL DEFAULT current_timestamp() ON UPDATE current_timestamp() COMMENT '更新時間'
) ENGINE=InnoDB DEFAULT CHARSET=utf8mb4 COLLATE=utf8mb4_unicode_ci;

--
-- 傾印資料表的資料 `ptagmap`
--

INSERT INTO `ptagmap` (`tmId`, `tagId`, `pId`, `obj`, `created_at`, `updated_at`) VALUES
(500, 1, 00001, 2, '2021-05-10 22:33:27', '2021-07-11 13:03:47'),
(501, 2, 00002, 2, '2021-05-10 22:34:11', '2021-07-14 02:27:13'),
(502, 1, 00003, 2, '2021-05-10 22:34:11', '2021-07-11 11:30:21'),
(503, 3, 00004, 2, '2021-05-11 23:42:22', '2021-07-14 02:27:16'),
(504, 1, 00005, 2, '2021-05-11 23:42:22', '2021-07-11 11:30:21'),
(505, 1, 00006, 2, '2021-05-11 23:42:51', '2021-07-11 11:30:21'),
(506, 10, 00007, 2, '2021-05-11 23:42:51', '2021-07-11 18:18:57'),
(507, 1, 00008, 2, '2021-05-11 23:43:22', '2021-07-11 11:30:21'),
(508, 6, 00009, 2, '2021-05-11 23:43:22', '2021-07-13 16:16:03'),
(509, 6, 00010, 2, '2021-05-11 23:43:51', '2021-07-13 16:16:04'),
(510, 1, 00011, 2, '2021-05-10 22:19:45', '2021-07-11 11:30:21'),
(511, 1, 00012, 2, '2021-05-10 22:19:45', '2021-07-11 11:30:21'),
(512, 4, 00013, 2, '2021-05-10 22:20:17', '2021-07-14 02:27:19'),
(513, 1, 00014, 2, '2021-05-10 22:20:17', '2021-07-11 11:30:21'),
(514, 1, 00015, 2, '2021-05-10 22:20:56', '2021-07-11 11:30:21'),
(515, 1, 00016, 2, '2021-05-10 22:20:56', '2021-07-11 11:30:21'),
(516, 1, 00017, 2, '2021-05-10 22:21:15', '2021-07-11 11:30:21'),
(517, 5, 00018, 2, '2021-05-10 22:25:17', '2021-07-14 02:27:22'),
(518, 1, 00019, 2, '2021-05-10 22:31:23', '2021-07-11 11:30:21'),
(519, 1, 00020, 2, '2021-05-10 22:31:23', '2021-07-11 11:30:21'),
(520, 1, 00021, 2, '2021-05-10 22:31:56', '2021-07-11 11:30:21'),
(521, 1, 00022, 2, '2021-05-10 22:31:56', '2021-07-11 11:30:21'),
(522, 1, 00023, 2, '2021-05-10 22:32:23', '2021-07-11 11:30:21'),
(523, 1, 00024, 2, '2021-05-11 23:43:51', '2021-07-11 11:30:21'),
(524, 1, 00025, 2, '2021-07-11 01:36:35', '2021-07-11 11:26:57'),
(5057, 6, 00023, 2, '2021-07-12 23:19:10', '2021-07-12 23:19:10'),
(5058, 1, 00024, 2, '2021-07-12 23:22:36', '2021-07-12 23:22:36'),
(5059, 1, 00025, 2, '2021-07-12 23:27:52', '2021-07-12 23:27:52'),
(5060, 1, 00026, 2, '2021-07-12 23:32:39', '2021-07-12 23:32:39'),
(5061, 1, 00027, 2, '2021-07-12 23:37:32', '2021-07-12 23:37:32'),
(5062, 1, 00028, 2, '2021-07-12 23:42:59', '2021-07-12 23:42:59'),
(5063, 1, 00029, 2, '2021-07-12 23:47:34', '2021-07-12 23:47:34'),
(5064, 1, 00030, 2, '2021-07-12 23:53:22', '2021-07-12 23:53:22'),
(5065, 1, 00031, 2, '2021-07-12 23:56:51', '2021-07-12 23:56:51'),
(5066, 1, 00032, 2, '2021-07-13 00:01:42', '2021-07-13 00:01:42'),
(5067, 1, 00033, 2, '2021-07-13 00:04:21', '2021-07-13 00:04:21'),
(5068, 1, 00034, 2, '2021-07-13 00:07:31', '2021-07-13 00:07:31'),
(5069, 1, 00035, 2, '2021-07-13 00:10:49', '2021-07-13 00:10:49'),
(5070, 1, 00036, 2, '2021-07-13 00:13:50', '2021-07-13 00:13:50'),
(5071, 1, 00037, 2, '2021-07-13 00:16:35', '2021-07-13 00:16:35'),
(5072, 1, 00038, 2, '2021-07-13 00:18:58', '2021-07-13 00:18:58'),
(5073, 1, 00039, 2, '2021-07-13 00:20:30', '2021-07-13 00:20:30'),
(5074, 1, 00040, 2, '2021-07-13 00:25:26', '2021-07-13 00:25:26'),
(5075, 1, 00041, 2, '2021-07-13 00:27:46', '2021-07-13 00:27:46'),
(5076, 1, 00042, 2, '2021-07-13 00:29:26', '2021-07-13 00:29:26'),
(5077, 1, 00043, 2, '2021-07-13 00:31:04', '2021-07-13 00:31:04'),
(5078, 1, 00044, 2, '2021-07-13 00:33:19', '2021-07-13 00:33:19'),
(5079, 43, 00045, 2, '2021-07-13 01:00:48', '2021-07-13 01:00:48'),
(5080, 22, 00046, 2, '2021-07-13 01:05:01', '2021-07-13 01:05:01'),
(5081, 22, 00047, 2, '2021-07-13 01:07:34', '2021-07-13 01:07:34'),
(5082, 24, 00048, 2, '2021-07-13 01:09:30', '2021-07-13 01:09:30'),
(5083, 1, 00049, 2, '2021-07-13 01:31:25', '2021-07-13 01:31:25'),
(5084, 23, 00050, 2, '2021-07-13 01:34:12', '2021-07-13 01:34:12'),
(5085, 28, 00051, 2, '2021-07-13 01:41:04', '2021-07-13 01:41:04'),
(5086, 12, 00052, 2, '2021-07-13 01:43:33', '2021-07-13 01:43:33'),
(5087, 45, 00053, 2, '2021-07-13 01:52:49', '2021-07-13 01:52:49'),
(5088, 48, 00054, 2, '2021-07-13 01:56:19', '2021-07-13 01:56:19'),
(5089, 48, 00055, 2, '2021-07-13 02:00:33', '2021-07-13 02:00:33'),
(5090, 54, 00056, 2, '2021-07-13 02:03:30', '2021-07-13 02:03:30'),
(5091, 46, 00057, 2, '2021-07-13 02:09:56', '2021-07-13 02:09:56');

-- --------------------------------------------------------

--
-- 資料表結構 `sessions`
--

CREATE TABLE `sessions` (
  `session_id` varchar(128) CHARACTER SET utf8mb4 COLLATE utf8mb4_bin NOT NULL,
  `expires` int(11) UNSIGNED NOT NULL,
  `data` mediumtext CHARACTER SET utf8mb4 COLLATE utf8mb4_bin DEFAULT NULL
) ENGINE=InnoDB DEFAULT CHARSET=utf8mb4 COLLATE=utf8mb4_unicode_ci;

--
-- 傾印資料表的資料 `sessions`
--

INSERT INTO `sessions` (`session_id`, `expires`, `data`) VALUES
('0C7LCuvm_S8byZjYasM3D2WTWRFqmfxg', 1626205757, '{\"cookie\":{\"originalMaxAge\":12000000,\"expires\":\"2021-07-13T19:49:16.902Z\",\"httpOnly\":true,\"path\":\"/\"}}'),
('0MmdlchdkPpOLsr3U71Ic7X0Yd0gLxmK', 1626200680, '{\"cookie\":{\"originalMaxAge\":12000000,\"expires\":\"2021-07-13T18:24:39.776Z\",\"httpOnly\":true,\"path\":\"/\"}}'),
('2Ve9en54YBKYxaZCcH3x9Yc_TBy7ygdX', 1626205843, '{\"cookie\":{\"originalMaxAge\":12000000,\"expires\":\"2021-07-13T19:50:42.654Z\",\"httpOnly\":true,\"path\":\"/\"}}'),
('2vJE-xeiRgUymWztqak37M1485f8l70h', 1626200680, '{\"cookie\":{\"originalMaxAge\":12000000,\"expires\":\"2021-07-13T18:24:39.778Z\",\"httpOnly\":true,\"path\":\"/\"}}'),
('2wS2Rl2cw_oox4du4sptsVelutI9Yz1I', 1626206059, '{\"cookie\":{\"originalMaxAge\":12000000,\"expires\":\"2021-07-13T19:54:19.062Z\",\"httpOnly\":true,\"path\":\"/\"}}'),
('3Sh5z9Ix3uabRLuRmu6w5KU1wrMixizl', 1626209410, '{\"cookie\":{\"originalMaxAge\":12000000,\"expires\":\"2021-07-13T20:50:10.057Z\",\"httpOnly\":true,\"path\":\"/\"}}'),
('3U0YZdpVLrY7aum2GTtsyuGSviCWeqqO', 1626206815, '{\"cookie\":{\"originalMaxAge\":12000000,\"expires\":\"2021-07-13T20:06:54.659Z\",\"httpOnly\":true,\"path\":\"/\"}}'),
('4hGUgM5lHopjiFNKKF-MLPcoHY870z7q', 1626206835, '{\"cookie\":{\"originalMaxAge\":12000000,\"expires\":\"2021-07-13T20:07:14.710Z\",\"httpOnly\":true,\"path\":\"/\"}}'),
('66vG9h6WnJ9NIVi_K400YxHQxVLVQD_j', 1626206826, '{\"cookie\":{\"originalMaxAge\":12000000,\"expires\":\"2021-07-13T20:07:06.479Z\",\"httpOnly\":true,\"path\":\"/\"}}'),
('6v7y3L6KjonUQNPoFLKGavM3gWJdaO-b', 1626205843, '{\"cookie\":{\"originalMaxAge\":12000000,\"expires\":\"2021-07-13T19:50:42.658Z\",\"httpOnly\":true,\"path\":\"/\"}}'),
('8NZioOURF9bRddrR87x2RR0E8j9Cgq8X', 1626206353, '{\"cookie\":{\"originalMaxAge\":12000000,\"expires\":\"2021-07-13T19:59:12.657Z\",\"httpOnly\":true,\"path\":\"/\"}}'),
('9hx6ggvTCux6PVw4AEY60EPbH4PJG5uh', 1626209414, '{\"cookie\":{\"originalMaxAge\":12000000,\"expires\":\"2021-07-13T20:50:13.680Z\",\"httpOnly\":true,\"path\":\"/\"}}'),
('AAgCDuKjO9E22ORyxChl04jP5wiWRP9R', 1626200680, '{\"cookie\":{\"originalMaxAge\":12000000,\"expires\":\"2021-07-13T18:24:39.777Z\",\"httpOnly\":true,\"path\":\"/\"}}'),
('ANMdU9vQ-MPB6TJkr9osRFcL5zipkI-q', 1626209100, '{\"cookie\":{\"originalMaxAge\":12000000,\"expires\":\"2021-07-13T20:44:59.847Z\",\"httpOnly\":true,\"path\":\"/\"}}'),
('Au474q7yVcMvhjYVixMnL82NNmlz94bC', 1626207267, '{\"cookie\":{\"originalMaxAge\":12000000,\"expires\":\"2021-07-13T20:14:26.701Z\",\"httpOnly\":true,\"path\":\"/\"}}'),
('BML7n3ON_-TNq4OgTOl3oqumcCYc6-j_', 1626201880, '{\"cookie\":{\"originalMaxAge\":12000000,\"expires\":\"2021-07-13T18:44:39.997Z\",\"httpOnly\":true,\"path\":\"/\"}}'),
('Bz6URbziBhwf28_V1ah0AHrGrecXCQEy', 1626212265, '{\"cookie\":{\"originalMaxAge\":12000000,\"expires\":\"2021-07-13T21:37:45.486Z\",\"httpOnly\":true,\"path\":\"/\"}}'),
('DIsYx3hIOk5e-1pXtQ5s-hWalE7fvkOB', 1626209410, '{\"cookie\":{\"originalMaxAge\":12000000,\"expires\":\"2021-07-13T20:50:10.059Z\",\"httpOnly\":true,\"path\":\"/\"}}'),
('DtYkk08ryA-9Zt4KYQI-C0CIW_LaRGGb', 1626206059, '{\"cookie\":{\"originalMaxAge\":12000000,\"expires\":\"2021-07-13T19:54:19.065Z\",\"httpOnly\":true,\"path\":\"/\"}}'),
('E5UsH6_0EAQe8oS393Tl0iSxgL6lULM3', 1626212434, '{\"cookie\":{\"originalMaxAge\":12000000,\"expires\":\"2021-07-13T21:40:33.518Z\",\"httpOnly\":true,\"path\":\"/\"}}'),
('FTL_SeJC6p665qPFax7lrTkLiFJHeL_u', 1626209414, '{\"cookie\":{\"originalMaxAge\":12000000,\"expires\":\"2021-07-13T20:50:13.680Z\",\"httpOnly\":true,\"path\":\"/\"}}'),
('G1huXdH6qKacpqdjMjNU_46IVK64LLWP', 1626209319, '{\"cookie\":{\"originalMaxAge\":12000000,\"expires\":\"2021-07-13T20:48:39.180Z\",\"httpOnly\":true,\"path\":\"/\"}}'),
('G_NbskA-tIY-KnJdftb6Qj3XArKCl0jf', 1626209310, '{\"cookie\":{\"originalMaxAge\":12000000,\"expires\":\"2021-07-13T20:48:29.664Z\",\"httpOnly\":true,\"path\":\"/\"}}'),
('Gn_7SJx9P3qVuHiWEalrWIZyhXeHdCvF', 1626206880, '{\"cookie\":{\"originalMaxAge\":12000000,\"expires\":\"2021-07-13T20:08:00.295Z\",\"httpOnly\":true,\"path\":\"/\"}}'),
('Hw-ZdhIz6ispiSSHnv9wsquSaeLTdEo3', 1626212265, '{\"cookie\":{\"originalMaxAge\":12000000,\"expires\":\"2021-07-13T21:37:45.491Z\",\"httpOnly\":true,\"path\":\"/\"}}'),
('HwGf-SLa2Exu1KFlUhO5g65MOOKoh8Be', 1626209318, '{\"cookie\":{\"originalMaxAge\":12000000,\"expires\":\"2021-07-13T20:48:37.989Z\",\"httpOnly\":true,\"path\":\"/\"}}'),
('I9cWfHgAOpzcJiv0PTiDOCAhL98wjSIN', 1626209316, '{\"cookie\":{\"originalMaxAge\":12000000,\"expires\":\"2021-07-13T20:48:35.773Z\",\"httpOnly\":true,\"path\":\"/\"}}'),
('IVBH52YBawsuLgZZlp3hiA0QS7e1qLtE', 1626206866, '{\"cookie\":{\"originalMaxAge\":12000000,\"expires\":\"2021-07-13T20:07:45.723Z\",\"httpOnly\":true,\"path\":\"/\"}}'),
('IfK4ldU5oUDlJWdEx049P8F57_CXz4oC', 1626206353, '{\"cookie\":{\"originalMaxAge\":12000000,\"expires\":\"2021-07-13T19:59:12.652Z\",\"httpOnly\":true,\"path\":\"/\"}}'),
('IxSF9qsYsG_E3n_5DkSbJxUp6JBnl2wg', 1626206815, '{\"cookie\":{\"originalMaxAge\":12000000,\"expires\":\"2021-07-13T20:06:54.665Z\",\"httpOnly\":true,\"path\":\"/\"}}'),
('JByB5cBaN8Mjg1qkC_WSj53qTcazSI3J', 1626212271, '{\"cookie\":{\"originalMaxAge\":12000000,\"expires\":\"2021-07-13T21:37:51.194Z\",\"httpOnly\":true,\"path\":\"/\"}}'),
('JmP-bD1Hpw_dDJEAFuqv1EKt5UU8Va_Q', 1626212434, '{\"cookie\":{\"originalMaxAge\":12000000,\"expires\":\"2021-07-13T21:40:33.520Z\",\"httpOnly\":true,\"path\":\"/\"}}'),
('KjvAsaStlj9d-MutIt4TN94blBX6xapo', 1626206353, '{\"cookie\":{\"originalMaxAge\":12000000,\"expires\":\"2021-07-13T19:59:12.655Z\",\"httpOnly\":true,\"path\":\"/\"}}'),
('KnqMz3YFkMQzJI8RMx3Mi86ZxElW8dY8', 1626206880, '{\"cookie\":{\"originalMaxAge\":12000000,\"expires\":\"2021-07-13T20:08:00.298Z\",\"httpOnly\":true,\"path\":\"/\"}}'),
('LuJMTdnWXOy9f_YZ9dWREwXEDoeyzgQZ', 1626205843, '{\"cookie\":{\"originalMaxAge\":12000000,\"expires\":\"2021-07-13T19:50:42.655Z\",\"httpOnly\":true,\"path\":\"/\"}}'),
('M1JXkoqiJWhLULKI6KRydmvqGSRM81oA', 1626201895, '{\"cookie\":{\"originalMaxAge\":11999999,\"expires\":\"2021-07-13T18:44:55.389Z\",\"httpOnly\":true,\"path\":\"/\"}}'),
('MOLrxoZufU9wqTAfRZkR-rwDVyTBxHhb', 1626205681, '{\"cookie\":{\"originalMaxAge\":12000000,\"expires\":\"2021-07-13T19:48:01.334Z\",\"httpOnly\":true,\"path\":\"/\"}}'),
('MUSV7bzh--Mnq-0eA-6bbOzvxKISW_cn', 1626209415, '{\"cookie\":{\"originalMaxAge\":12000000,\"expires\":\"2021-07-13T20:50:14.887Z\",\"httpOnly\":true,\"path\":\"/\"}}'),
('NNRGRBk0cH4CQmrRE-dy7P1E5NOac8m8', 1626201895, '{\"cookie\":{\"originalMaxAge\":12000000,\"expires\":\"2021-07-13T18:44:55.388Z\",\"httpOnly\":true,\"path\":\"/\"}}'),
('NOudm-Yo-4UuZsrjsSHNxe9ZHK-hlEtr', 1626205757, '{\"cookie\":{\"originalMaxAge\":12000000,\"expires\":\"2021-07-13T19:49:16.903Z\",\"httpOnly\":true,\"path\":\"/\"}}'),
('Nq9fZ1lae296DX-MuFct2nW4uKMzHeTT', 1626212252, '{\"cookie\":{\"originalMaxAge\":12000000,\"expires\":\"2021-07-13T21:37:31.929Z\",\"httpOnly\":true,\"path\":\"/\"}}'),
('PhO2yD08FgbLRfS9cIFf5r5kXqSylt-k', 1626209315, '{\"cookie\":{\"originalMaxAge\":12000000,\"expires\":\"2021-07-13T20:48:34.569Z\",\"httpOnly\":true,\"path\":\"/\"}}'),
('Q0PXbHdH8ZhfTcTcTvD1mMruAThnF43t', 1626205757, '{\"cookie\":{\"originalMaxAge\":12000000,\"expires\":\"2021-07-13T19:49:16.905Z\",\"httpOnly\":true,\"path\":\"/\"}}'),
('Q5Nhp26ybf2fzNxxLQH2LvAxWLLvSNUP', 1626206059, '{\"cookie\":{\"originalMaxAge\":12000000,\"expires\":\"2021-07-13T19:54:19.061Z\",\"httpOnly\":true,\"path\":\"/\"}}'),
('QNZLn9SJ7-j_xSa0Q0rnXUMHSRMxiVs8', 1626207267, '{\"cookie\":{\"originalMaxAge\":12000000,\"expires\":\"2021-07-13T20:14:26.699Z\",\"httpOnly\":true,\"path\":\"/\"}}'),
('QROXKsGUB8zlcmobRlXDc2y56Pko-DNP', 1626212331, '{\"cookie\":{\"originalMaxAge\":12000000,\"expires\":\"2021-07-13T21:38:50.736Z\",\"httpOnly\":true,\"path\":\"/\"}}'),
('RgkK_k11OsYWAYV_50sSHU6PjgtfrAx0', 1626209309, '{\"cookie\":{\"originalMaxAge\":12000000,\"expires\":\"2021-07-13T20:48:28.991Z\",\"httpOnly\":true,\"path\":\"/\"}}'),
('S4gHFkwzI65ejVw1pV0t6c-7JLjaYNOJ', 1626212271, '{\"cookie\":{\"originalMaxAge\":12000000,\"expires\":\"2021-07-13T21:37:51.190Z\",\"httpOnly\":true,\"path\":\"/\"}}'),
('S8_-FtG3Gv02Ex-0X7q2yqmbxabNQcwF', 1626209410, '{\"cookie\":{\"originalMaxAge\":12000000,\"expires\":\"2021-07-13T20:50:10.061Z\",\"httpOnly\":true,\"path\":\"/\"}}'),
('S8pGBjgQtK0HjcWwRCAb27cZK4W79zTr', 1626212271, '{\"cookie\":{\"originalMaxAge\":12000000,\"expires\":\"2021-07-13T21:37:51.192Z\",\"httpOnly\":true,\"path\":\"/\"}}'),
('SFp698zD8HjztNilOUK25WwNZXAWsIsf', 1626205663, '{\"cookie\":{\"originalMaxAge\":12000000,\"expires\":\"2021-07-13T19:47:43.010Z\",\"httpOnly\":true,\"path\":\"/\"}}'),
('SlEnKvzJUJorf-WPbtNZAcXpvVt5khId', 1626212434, '{\"cookie\":{\"originalMaxAge\":12000000,\"expires\":\"2021-07-13T21:40:33.519Z\",\"httpOnly\":true,\"path\":\"/\"}}'),
('TYjhRoPazaYtCE6_QFSZOt-uMpBIQb4T', 1626209414, '{\"cookie\":{\"originalMaxAge\":12000000,\"expires\":\"2021-07-13T20:50:13.679Z\",\"httpOnly\":true,\"path\":\"/\"}}'),
('TdXAUXBaVxvJvHm8BsjSXIMxq0ExxTqF', 1626212265, '{\"cookie\":{\"originalMaxAge\":12000000,\"expires\":\"2021-07-13T21:37:45.487Z\",\"httpOnly\":true,\"path\":\"/\"}}'),
('UQZU3v1Og3sx1cry4eJ2dT22zjSe3wpS', 1626206880, '{\"cookie\":{\"originalMaxAge\":12000000,\"expires\":\"2021-07-13T20:08:00.297Z\",\"httpOnly\":true,\"path\":\"/\"}}'),
('V9_iwfbaH86NmmS9ohO4RRuyTfWRUpNg', 1626201895, '{\"cookie\":{\"originalMaxAge\":12000000,\"expires\":\"2021-07-13T18:44:55.385Z\",\"httpOnly\":true,\"path\":\"/\"}}'),
('VR6jBeFLz7U_aKAFcUSf1uVEahQ3G51e', 1626209313, '{\"cookie\":{\"originalMaxAge\":12000000,\"expires\":\"2021-07-13T20:48:32.764Z\",\"httpOnly\":true,\"path\":\"/\"}}'),
('VXkOS6uRSF9gqmUQXHiqGDc4xGd3trf8', 1626206835, '{\"cookie\":{\"originalMaxAge\":12000000,\"expires\":\"2021-07-13T20:07:14.717Z\",\"httpOnly\":true,\"path\":\"/\"}}'),
('VgHrzg5TgAPPA-sHvU9UANIqcjU6JWff', 1626212396, '{\"cookie\":{\"originalMaxAge\":12000000,\"expires\":\"2021-07-13T21:39:55.753Z\",\"httpOnly\":true,\"path\":\"/\"}}'),
('ViVXrELLCuKrJ_m3VPyY0A7EY_cnKOEF', 1626207267, '{\"cookie\":{\"originalMaxAge\":12000000,\"expires\":\"2021-07-13T20:14:26.697Z\",\"httpOnly\":true,\"path\":\"/\"}}'),
('Ywom2I-kXhdus4cxW293GZ5wLTIFlZJi', 1626201895, '{\"cookie\":{\"originalMaxAge\":12000000,\"expires\":\"2021-07-13T18:44:55.387Z\",\"httpOnly\":true,\"path\":\"/\"}}'),
('_5hqEnXOM3V3S8WzQhG_Nl9PUjz0IQ4a', 1626206826, '{\"cookie\":{\"originalMaxAge\":12000000,\"expires\":\"2021-07-13T20:07:06.475Z\",\"httpOnly\":true,\"path\":\"/\"}}'),
('_jE46utCQ_knMOuC2sjEB2WOqSIpg266', 1626209309, '{\"cookie\":{\"originalMaxAge\":12000000,\"expires\":\"2021-07-13T20:48:28.808Z\",\"httpOnly\":true,\"path\":\"/\"}}'),
('bW5XQhDuEFux6EQ7NUXLJ_ZWoTn7ZPQ4', 1626209410, '{\"cookie\":{\"originalMaxAge\":12000000,\"expires\":\"2021-07-13T20:50:10.060Z\",\"httpOnly\":true,\"path\":\"/\"}}'),
('d2TDpKEqhNL2HSQxpWw36yYsJkfITcMl', 1626208035, '{\"cookie\":{\"originalMaxAge\":12000000,\"expires\":\"2021-07-13T20:27:15.310Z\",\"httpOnly\":true,\"path\":\"/\"}}'),
('d4F13pgHOxmy1abd55BnlBCOoF3GURLb', 1626206883, '{\"cookie\":{\"originalMaxAge\":12000000,\"expires\":\"2021-07-13T20:08:02.676Z\",\"httpOnly\":true,\"path\":\"/\"}}'),
('dZn9oifx6M2eahT133GefxXWS_HFAXoO', 1626206815, '{\"cookie\":{\"originalMaxAge\":12000000,\"expires\":\"2021-07-13T20:06:54.656Z\",\"httpOnly\":true,\"path\":\"/\"}}'),
('dbZrIdeOC1U8nWbOK9qdFQpqt7H7JVXi', 1626205681, '{\"cookie\":{\"originalMaxAge\":12000000,\"expires\":\"2021-07-13T19:48:01.323Z\",\"httpOnly\":true,\"path\":\"/\"}}'),
('dhfAuivdEvZJ79uiogI1Ok7b0-QYnSJq', 1626201880, '{\"cookie\":{\"originalMaxAge\":12000000,\"expires\":\"2021-07-13T18:44:39.992Z\",\"httpOnly\":true,\"path\":\"/\"}}'),
('dk9aeOdTpsJ7vwmfWeqJ1pSXxHHir4Jx', 1626205757, '{\"cookie\":{\"originalMaxAge\":12000000,\"expires\":\"2021-07-13T19:49:16.908Z\",\"httpOnly\":true,\"path\":\"/\"}}'),
('eKTrZJEWxLJju6WRvXj9Mo7XOZF6Ni4p', 1626209316, '{\"cookie\":{\"originalMaxAge\":12000000,\"expires\":\"2021-07-13T20:48:36.189Z\",\"httpOnly\":true,\"path\":\"/\"}}'),
('fhJh8fV9k7CkOuy4DAnbByNIFqoWSWrv', 1626206883, '{\"cookie\":{\"originalMaxAge\":12000000,\"expires\":\"2021-07-13T20:08:02.672Z\",\"httpOnly\":true,\"path\":\"/\"}}'),
('gUjTa6IDWYFbRkdXq2d-f0DUoCXHVjJE', 1626201880, '{\"cookie\":{\"originalMaxAge\":12000000,\"expires\":\"2021-07-13T18:44:39.995Z\",\"httpOnly\":true,\"path\":\"/\"}}'),
('hOPGRYerK5PupUWoSM77dcURNaELFXCP', 1626206826, '{\"cookie\":{\"originalMaxAge\":12000000,\"expires\":\"2021-07-13T20:07:06.481Z\",\"httpOnly\":true,\"path\":\"/\"}}'),
('iJulk_1EdOFxkK-tAEDTCSP9okOPCQzT', 1626212345, '{\"cookie\":{\"originalMaxAge\":12000000,\"expires\":\"2021-07-13T21:39:05.217Z\",\"httpOnly\":true,\"path\":\"/\"}}'),
('kpZUWPjFlT_5Y0eRRrxwh1JPfatRHrwa', 1626209413, '{\"cookie\":{\"originalMaxAge\":12000000,\"expires\":\"2021-07-13T20:50:12.724Z\",\"httpOnly\":true,\"path\":\"/\"}}'),
('l2LZJD9fZYK8Wylpu8tUqbWvRfJoVIcV', 1626206353, '{\"cookie\":{\"originalMaxAge\":12000000,\"expires\":\"2021-07-13T19:59:12.654Z\",\"httpOnly\":true,\"path\":\"/\"}}'),
('l4OGYdchzDxV7huea_zSLK8Ze11rAPGh', 1626206883, '{\"cookie\":{\"originalMaxAge\":12000000,\"expires\":\"2021-07-13T20:08:02.675Z\",\"httpOnly\":true,\"path\":\"/\"}}'),
('lDkzth0SVGfdzWqJmJRYFApIVLbDwu4V', 1626212434, '{\"cookie\":{\"originalMaxAge\":12000000,\"expires\":\"2021-07-13T21:40:33.516Z\",\"httpOnly\":true,\"path\":\"/\"}}'),
('nHCVqJ87rvUpwyKev9Wob2-CsOO1f-xo', 1626212265, '{\"cookie\":{\"originalMaxAge\":12000000,\"expires\":\"2021-07-13T21:37:45.486Z\",\"httpOnly\":true,\"path\":\"/\"}}'),
('nXOeawJmriwbNJqYzVs7dD2gw9V0uK74', 1626212309, '{\"cookie\":{\"originalMaxAge\":12000000,\"expires\":\"2021-07-13T21:38:29.159Z\",\"httpOnly\":true,\"path\":\"/\"}}'),
('nmfzX-C3wXTyHsd_90l-zfXeKgYEAflf', 1626206835, '{\"cookie\":{\"originalMaxAge\":12000000,\"expires\":\"2021-07-13T20:07:14.719Z\",\"httpOnly\":true,\"path\":\"/\"}}'),
('oP7PM2aplVczkHf-oI4aT4Vy8P-IQSSL', 1626206815, '{\"cookie\":{\"originalMaxAge\":12000000,\"expires\":\"2021-07-13T20:06:54.660Z\",\"httpOnly\":true,\"path\":\"/\"}}'),
('pFNvLpq1se1-OixVYYBw29EkH5yXW38R', 1626201880, '{\"cookie\":{\"originalMaxAge\":12000000,\"expires\":\"2021-07-13T18:44:40.000Z\",\"httpOnly\":true,\"path\":\"/\"}}'),
('qAjrYeqIO9B6v7bWjWcHaxt0dkXU6Xlo', 1626212270, '{\"cookie\":{\"originalMaxAge\":12000000,\"expires\":\"2021-07-13T21:37:49.926Z\",\"httpOnly\":true,\"path\":\"/\"}}'),
('qbvu1Ec0X60vqB_Q0OhaO6xLafQZ5I0X', 1626212271, '{\"cookie\":{\"originalMaxAge\":12000000,\"expires\":\"2021-07-13T21:37:51.191Z\",\"httpOnly\":true,\"path\":\"/\"}}'),
('rHPTWqaqyjhzzuVwTKm4VyypvUZtfI7v', 1626205681, '{\"cookie\":{\"originalMaxAge\":12000000,\"expires\":\"2021-07-13T19:48:01.329Z\",\"httpOnly\":true,\"path\":\"/\"}}'),
('rIswdcYR--SdZkFbmHPyQCI_3tkFcxXy', 1626209401, '{\"cookie\":{\"originalMaxAge\":12000000,\"expires\":\"2021-07-13T20:50:01.185Z\",\"httpOnly\":true,\"path\":\"/\"}}'),
('rkwDtPHDYJepYF0G0HMxpmVxVJjtBvsF', 1626205681, '{\"cookie\":{\"originalMaxAge\":12000000,\"expires\":\"2021-07-13T19:48:01.326Z\",\"httpOnly\":true,\"path\":\"/\"}}'),
('rq-QriQE7Oz0UW-bSXhjDVSbWQ_8LHc3', 1626200680, '{\"cookie\":{\"originalMaxAge\":12000000,\"expires\":\"2021-07-13T18:24:39.777Z\",\"httpOnly\":true,\"path\":\"/\"}}'),
('rsfzc74TdP3pobiYf_NptilkCrsqEVim', 1626206883, '{\"cookie\":{\"originalMaxAge\":12000000,\"expires\":\"2021-07-13T20:08:02.673Z\",\"httpOnly\":true,\"path\":\"/\"}}'),
('s48sp-8cERz3_cOXamttWBQNQheN07yl', 1626212309, '{\"cookie\":{\"originalMaxAge\":12000000,\"expires\":\"2021-07-13T21:38:29.162Z\",\"httpOnly\":true,\"path\":\"/\"}}'),
('tXzpbOXs6wr9C7XwxsQSDIh6LKoceZHO', 1626206880, '{\"cookie\":{\"originalMaxAge\":12000000,\"expires\":\"2021-07-13T20:08:00.299Z\",\"httpOnly\":true,\"path\":\"/\"}}'),
('tv6qIQxYhx8THoZATMY-DOFUHiARKMpZ', 1626206835, '{\"cookie\":{\"originalMaxAge\":12000000,\"expires\":\"2021-07-13T20:07:14.722Z\",\"httpOnly\":true,\"path\":\"/\"}}'),
('up7tfgin5aSwhT5wtkqIx1Pjh8ENyNGw', 1626212309, '{\"cookie\":{\"originalMaxAge\":12000000,\"expires\":\"2021-07-13T21:38:29.166Z\",\"httpOnly\":true,\"path\":\"/\"}}'),
('wPsWdgNUwSSclglwQ6Gi5qp5qJuWfFDz', 1626206059, '{\"cookie\":{\"originalMaxAge\":12000000,\"expires\":\"2021-07-13T19:54:19.059Z\",\"httpOnly\":true,\"path\":\"/\"}}'),
('wb5zTSvilPzpOXdVQD0VlPjMAUaW74dd', 1626206868, '{\"cookie\":{\"originalMaxAge\":12000000,\"expires\":\"2021-07-13T20:07:48.443Z\",\"httpOnly\":true,\"path\":\"/\"}}'),
('wbhzoucNg4Eb71vgm4WQSmxixFDe6ygG', 1626206826, '{\"cookie\":{\"originalMaxAge\":12000000,\"expires\":\"2021-07-13T20:07:06.476Z\",\"httpOnly\":true,\"path\":\"/\"}}'),
('weThZvr1d_JxgaHMMz0L5wjQKf4UnXm-', 1626205843, '{\"cookie\":{\"originalMaxAge\":12000000,\"expires\":\"2021-07-13T19:50:42.653Z\",\"httpOnly\":true,\"path\":\"/\"}}'),
('xRqfSpn8tVS1mQcI3om_w1QmEbDK7C_Z', 1626209414, '{\"cookie\":{\"originalMaxAge\":12000000,\"expires\":\"2021-07-13T20:50:13.677Z\",\"httpOnly\":true,\"path\":\"/\"}}'),
('z6x46HyQB5UnhTgFuiQv_54mTRKITXTT', 1626207267, '{\"cookie\":{\"originalMaxAge\":12000000,\"expires\":\"2021-07-13T20:14:26.696Z\",\"httpOnly\":true,\"path\":\"/\"}}'),
('z_h8Ls8r7i6Q0fCOyB8r432lGPy1cNm9', 1626212309, '{\"cookie\":{\"originalMaxAge\":12000000,\"expires\":\"2021-07-13T21:38:29.164Z\",\"httpOnly\":true,\"path\":\"/\"}}'),
('zrEfEzRA7lYcqjzv0Ol5DvxTPnSRDNFx', 1626212434, '{\"cookie\":{\"originalMaxAge\":12000000,\"expires\":\"2021-07-13T21:39:08.471Z\",\"httpOnly\":true,\"path\":\"/\"},\"cart1\":[{\"product_id\":54,\"product_name\":\"強力達人鋼鎚II \",\"product_desc\":\"高強度鐵鎚，擁有優異的擺動平衡 一體成形，鐵鎚頭重量適中 木柄握把手感厚實，易掌握好操作 頭部可拔釘設計，拔營好幫手\",\"product_price\":100,\"qty\":20,\"quantity\":\"1\"},{\"product_id\":55,\"product_name\":\"氣化燈\",\"product_desc\":\"經典重現氣化燈200B設計 翻蓋式限量原創收納燈盒\",\"product_price\":100,\"qty\":10,\"quantity\":\"1\"},{\"product_id\":56,\"product_name\":\"290氣化大雙燈 \",\"product_desc\":\"CM-0290JM000雙燈蕊氣化燈的超人氣商品 300燭光的絕佳明亮度\",\"product_price\":100,\"qty\":20,\"quantity\":\"1\"},{\"product_id\":50,\"product_name\":\"MiniSolo 鈦金屬個人鍋\",\"product_desc\":\"鈦金屬個人鍋\",\"product_price\":30,\"qty\":10,\"quantity\":\"1\"},{\"product_id\":57,\"product_name\":\" LED營燈200 綠橄欖\",\"product_desc\":\"防止電源關閉後過度放電並延長電池壽命 尺寸小巧，最適合野外活動時使用 暖光系色溫 防水性能：符合IPX4（可阻擋全方向液體噴灑）\",\"product_price\":50,\"qty\":10,\"quantity\":\"1\"},{\"product_id\":56,\"product_name\":\"290氣化大雙燈 \",\"product_desc\":\"CM-0290JM000雙燈蕊氣化燈的超人氣商品 300燭光的絕佳明亮度\",\"product_price\":100,\"qty\":20,\"quantity\":\"1\"},{\"product_id\":53,\"product_name\":\"派對盤組\",\"product_desc\":\"適合派對使用的餐盤，附瀝水網可食用涼麵及食用沙拉\",\"product_price\":50,\"qty\":10,\"quantity\":\"1\"},{\"product_id\":52,\"product_name\":\"焚火台 SR\",\"product_desc\":\"橋的部份能放置1/2烤肉網(S-029HA)或是1/2深煎盤 (S-029HD)。 產品內付底板，防止焚火的熱和灰燼對場地造成損壞。\",\"product_price\":100,\"qty\":10,\"quantity\":\"1\"},{\"product_id\":51,\"product_name\":\"不鏽鋼餐盤組-4人四件組\",\"product_desc\":\"不鏽鋼餐盤組\",\"product_price\":50,\"qty\":20,\"quantity\":\"1\"},{\"product_id\":50,\"product_name\":\"MiniSolo 鈦金屬個人鍋\",\"product_desc\":\"鈦金屬個人鍋\",\"product_price\":30,\"qty\":10,\"quantity\":\"1\"},{\"product_id\":57,\"product_name\":\" LED營燈200 綠橄欖\",\"product_desc\":\"防止電源關閉後過度放電並延長電池壽命 尺寸小巧，最適合野外活動時使用 暖光系色溫 防水性能：符合IPX4（可阻擋全方向液體噴灑）\",\"product_price\":50,\"qty\":10,\"quantity\":\"1\"},{\"product_id\":56,\"product_name\":\"290氣化大雙燈 \",\"product_desc\":\"CM-0290JM000雙燈蕊氣化燈的超人氣商品 300燭光的絕佳明亮度\",\"product_price\":100,\"qty\":20,\"quantity\":\"1\"},{\"product_id\":22,\"product_name\":\"Take! 竹製收合椅\",\"product_desc\":\"使用竹製、鐵件及布料的結合的收縮椅，舒適的角度搭配有彈性竹製椅腳及堅固的鐵件，提供你慵懶舒適的體驗。\",\"product_price\":200,\"qty\":10,\"quantity\":\"1\"},{\"product_id\":12,\"product_name\":\"方形天幕 M (TP-841)\",\"product_desc\":\"高度泛用性的長方形，具有多樣的搭營方式\",\"product_price\":1200,\"qty\":2,\"quantity\":\"1\"},{\"product_id\":37,\"product_name\":\"1/2深煎盤(模組)\",\"product_desc\":\"2.0mm鋼板、經表面處理之黑皮鐵板製成，深度可輕易料理煎煮等等食材，需與模組搭配使用。\",\"product_price\":100,\"qty\":10,\"quantity\":\"1\"},{\"product_id\":56,\"product_name\":\"290氣化大雙燈 \",\"product_desc\":\"CM-0290JM000雙燈蕊氣化燈的超人氣商品 300燭光的絕佳明亮度\",\"product_price\":100,\"qty\":20,\"quantity\":\"1\"}],\"time\":{\"startTime\":\"2021-07-14\",\"endTime\":\"2021-07-15\"}}');

-- --------------------------------------------------------

--
-- 資料表結構 `setitems`
--

CREATE TABLE `setitems` (
  `id` int(11) NOT NULL COMMENT '流水號',
  `set_no` int(11) NOT NULL COMMENT '組合單號',
  `cat_id` varchar(255) COLLATE utf8mb4_unicode_ci NOT NULL COMMENT '商品分類編號',
  `product_id` int(5) NOT NULL COMMENT '商品編號',
  `created_at` timestamp NOT NULL DEFAULT current_timestamp() ON UPDATE current_timestamp() COMMENT '建立日期',
  `updated_at` timestamp NOT NULL DEFAULT current_timestamp() ON UPDATE current_timestamp() COMMENT '修改日期'
) ENGINE=InnoDB DEFAULT CHARSET=utf8mb4 COLLATE=utf8mb4_unicode_ci COMMENT='組合詳細內容';

-- --------------------------------------------------------

--
-- 資料表結構 `setlist`
--

CREATE TABLE `setlist` (
  `id` int(11) NOT NULL COMMENT '流水號',
  `cat_id` int(11) NOT NULL COMMENT '組合類別',
  `set_no` int(11) NOT NULL COMMENT '組合單號',
  `owner_id` int(11) NOT NULL COMMENT '清單所有者',
  `set_name` varchar(255) COLLATE utf8mb4_unicode_ci NOT NULL COMMENT '清單名稱',
  `created_at` timestamp NOT NULL DEFAULT current_timestamp() COMMENT '建立時間',
  `updated_at` timestamp NOT NULL DEFAULT current_timestamp() ON UPDATE current_timestamp() COMMENT '更新時間'
) ENGINE=InnoDB DEFAULT CHARSET=utf8mb4 COLLATE=utf8mb4_unicode_ci COMMENT='組合清單';

--
-- 已傾印資料表的索引
--

--
-- 資料表索引 `acategorylist`
--
ALTER TABLE `acategorylist`
  ADD PRIMARY KEY (`aCatId`);

--
-- 資料表索引 `acommentlist`
--
ALTER TABLE `acommentlist`
  ADD PRIMARY KEY (`id`);

--
-- 資料表索引 `articlelist`
--
ALTER TABLE `articlelist`
  ADD PRIMARY KEY (`aId`);

--
-- 資料表索引 `ataglist`
--
ALTER TABLE `ataglist`
  ADD PRIMARY KEY (`tagId`);

--
-- 資料表索引 `atagmap`
--
ALTER TABLE `atagmap`
  ADD PRIMARY KEY (`tmId`);

--
-- 資料表索引 `productcategory`
--
ALTER TABLE `productcategory`
  ADD PRIMARY KEY (`id`),
  ADD UNIQUE KEY `cat_id` (`cat_id`);

--
-- 資料表索引 `productinfo`
--
ALTER TABLE `productinfo`
  ADD PRIMARY KEY (`product_id`);

--
-- 資料表索引 `productlist`
--
ALTER TABLE `productlist`
  ADD PRIMARY KEY (`product_id`);

--
-- 資料表索引 `propertylist`
--
ALTER TABLE `propertylist`
  ADD PRIMARY KEY (`id`);

--
-- 資料表索引 `ptagmap`
--
ALTER TABLE `ptagmap`
  ADD PRIMARY KEY (`tmId`);

--
-- 資料表索引 `sessions`
--
ALTER TABLE `sessions`
  ADD PRIMARY KEY (`session_id`);

--
-- 資料表索引 `setlist`
--
ALTER TABLE `setlist`
  ADD PRIMARY KEY (`id`);

--
-- 在傾印的資料表使用自動遞增(AUTO_INCREMENT)
--

--
-- 使用資料表自動遞增(AUTO_INCREMENT) `acategorylist`
--
ALTER TABLE `acategorylist`
  MODIFY `aCatId` int(11) NOT NULL AUTO_INCREMENT COMMENT '流水號', AUTO_INCREMENT=12;

--
-- 使用資料表自動遞增(AUTO_INCREMENT) `acommentlist`
--
ALTER TABLE `acommentlist`
  MODIFY `id` int(11) NOT NULL AUTO_INCREMENT COMMENT '留言編號', AUTO_INCREMENT=5;

--
-- 使用資料表自動遞增(AUTO_INCREMENT) `articlelist`
--
ALTER TABLE `articlelist`
  MODIFY `aId` int(11) NOT NULL AUTO_INCREMENT COMMENT '文章編號', AUTO_INCREMENT=57;

--
-- 使用資料表自動遞增(AUTO_INCREMENT) `ataglist`
--
ALTER TABLE `ataglist`
  MODIFY `tagId` int(11) NOT NULL AUTO_INCREMENT COMMENT '標籤編號', AUTO_INCREMENT=58;

--
-- 使用資料表自動遞增(AUTO_INCREMENT) `atagmap`
--
ALTER TABLE `atagmap`
  MODIFY `tmId` int(11) NOT NULL AUTO_INCREMENT COMMENT '標籤索引編號', AUTO_INCREMENT=87;

--
-- 使用資料表自動遞增(AUTO_INCREMENT) `productcategory`
--
ALTER TABLE `productcategory`
  MODIFY `id` int(11) NOT NULL AUTO_INCREMENT, AUTO_INCREMENT=32;

--
-- 使用資料表自動遞增(AUTO_INCREMENT) `productlist`
--
ALTER TABLE `productlist`
  MODIFY `product_id` int(5) UNSIGNED ZEROFILL NOT NULL AUTO_INCREMENT COMMENT '商品編號', AUTO_INCREMENT=58;

--
-- 使用資料表自動遞增(AUTO_INCREMENT) `propertylist`
--
ALTER TABLE `propertylist`
  MODIFY `id` int(9) UNSIGNED ZEROFILL NOT NULL AUTO_INCREMENT COMMENT '財產編號';

--
-- 使用資料表自動遞增(AUTO_INCREMENT) `ptagmap`
--
ALTER TABLE `ptagmap`
  MODIFY `tmId` int(11) NOT NULL AUTO_INCREMENT COMMENT '標籤索引編號', AUTO_INCREMENT=5092;

--
-- 使用資料表自動遞增(AUTO_INCREMENT) `setlist`
--
ALTER TABLE `setlist`
  MODIFY `id` int(11) NOT NULL AUTO_INCREMENT COMMENT '流水號';
COMMIT;

/*!40101 SET CHARACTER_SET_CLIENT=@OLD_CHARACTER_SET_CLIENT */;
/*!40101 SET CHARACTER_SET_RESULTS=@OLD_CHARACTER_SET_RESULTS */;
/*!40101 SET COLLATION_CONNECTION=@OLD_COLLATION_CONNECTION */;
